ply
format ascii 1.0
element vertex 2000
property float x
property float y
property float z
property uchar red
property uchar green
property uchar blue
end_header
0.031571272760629654 -0.001542197773233056 0.017635241150856018 183 168 183
-0.13671134412288666 -0.09016167372465134 0.004725374281406403 181 163 171
0.004984235856682062 0.10583220422267914 -0.007074336055666208 176 128 146
0.012296990491449833 -0.06671898066997528 -0.017296146601438522 183 152 139
-0.025760985910892487 -0.000883321336004883 0.13789641857147217 183 160 131
-0.06789080053567886 -0.06173400208353996 0.03640709072351456 169 138 146
-0.04636349529027939 0.024923911318182945 0.048668041825294495 176 132 173
0.017466604709625244 0.06773106753826141 -0.18366234004497528 173 150 174
0.13625775277614594 0.006428118795156479 0.10958220064640045 186 161 135
0.07595884799957275 -0.026743683964014053 -0.043108973652124405 169 151 161
-0.05495276302099228 -0.06125868856906891 -0.032366253435611725 184 184 172
0.003996817395091057 0.27811935544013977 -0.02738986723124981 166 135 162
-0.26365259289741516 0.003872654866427183 0.008783763274550438 155 160 156
0.2131596952676773 -0.07342364639043808 0.08395228534936905 167 176 183
0.16799136996269226 0.10815068334341049 -0.03841172158718109 152 171 169
0.1253763884305954 0.10010984539985657 -0.0041212053038179874 148 148 167
-0.023095402866601944 0.014881114475429058 0.026901455596089363 178 128 181
0.05139906331896782 -0.02231919765472412 0.005220625549554825 157 159 176
-0.12306366115808487 0.004219810478389263 0.07314910739660263 184 151 140
0.36029163002967834 -0.2181849628686905 0.005087908357381821 129 157 181
-0.0220879428088665 -0.07204072177410126 0.14046667516231537 176 151 147
0.04283364117145538 -0.02326606772840023 -0.025902140885591507 138 159 173
-0.0603330098092556 0.048423998057842255 -0.04672226309776306 149 181 175
-0.21608081459999084 0.10604605078697205 0.05321953818202019 185 133 166
0.23295201361179352 0.07038071006536484 0.03440798819065094 154 137 153
0.007370746694505215 0.012370269745588303 -0.03484451398253441 159 157 162
0.036620475351810455 -0.14597812294960022 0.03689949959516525 136 152 181
0.08132285624742508 0.026296308264136314 0.051859091967344284 137 168 159
-0.047564126551151276 -0.19823037087917328 -0.07015117257833481 179 144 129
0.040707603096961975 0.14976222813129425 0.07743915170431137 168 165 163
0.00045120599679648876 0.036093324422836304 0.09701299667358398 151 180 151
-0.08318382501602173 0.03273816406726837 0.013177911750972271 157 141 136
0.05653172358870506 0.0036836315412074327 0.047286421060562134 171 170 163
-0.1647348701953888 -0.004712179768830538 0.24871012568473816 150 139 146
-0.014449520967900753 0.0653061494231224 -0.1137225553393364 170 184 178
0.016822069883346558 0.13949595391750336 0.04497968405485153 186 150 177
-0.008958909660577774 -0.05010319501161575 -0.0009183119400404394 135 176 176
0.03797222673892975 0.16225945949554443 -0.017424212768673897 158 178 174
0.032240211963653564 -0.05847175791859627 -0.010169672779738903 181 138 154
-0.2434464544057846 0.07722736150026321 -0.005779693368822336 150 137 144
0.0017479758244007826 0.15853746235370636 -0.05681991949677467 129 130 177
-0.050916727632284164 0.010679036378860474 0.021580787375569344 128 134 146
-0.0035516205243766308 -0.2437015026807785 -0.044249337166547775 155 135 154
0.04349161311984062 0.17537860572338104 -0.18178436160087585 177 157 136
0.08134295791387558 -0.10928229242563248 -0.08269064128398895 155 168 162
-0.06638143956661224 0.018600596114993095 0.09314630180597305 172 143 162
0.07896356284618378 -0.3050578832626343 -0.06810946017503738 170 184 149
-0.054758619517087936 0.0020890047308057547 0.06574573367834091 182 185 176
-0.010652934201061726 0.14468877017498016 -0.06567729264497757 168 157 178
0.006558201275765896 -0.0019855669233947992 0.07656792551279068 167 177 166
-0.008528138510882854 0.06213214620947838 0.014398368075489998 163 156 184
-0.010788233950734138 0.04461831972002983 -0.024406569078564644 141 183 142
-0.0018312465399503708 -0.00970264058560133 -0.16595248878002167 173 175 150
-0.2317766398191452 -0.001800584839656949 0.0449669323861599 168 156 149
0.06407968699932098 -0.14841504395008087 -0.005220610648393631 173 127 178
-0.026592614129185677 0.043506521731615067 -0.0614907443523407 157 166 144
0.11851402372121811 -0.010703884065151215 -0.02252868376672268 161 172 180
0.018795689567923546 -0.05085339769721031 -0.28019052743911743 161 182 135
0.07730837911367416 -0.027299704030156136 0.03512541204690933 134 150 184
0.009994346648454666 -0.21200639009475708 0.0020719338208436966 178 129 131
-0.02094394899904728 0.2970057725906372 0.0003381659334991127 178 166 157
-0.14439581334590912 -0.10975214838981628 0.2066529244184494 175 156 132
0.22256384789943695 0.007110107224434614 -0.010235822759568691 156 176 137
0.0952901765704155 0.01911771111190319 -0.03340361639857292 135 130 170
-0.006650041323155165 0.022046154364943504 -0.08691231906414032 137 150 155
0.023051932454109192 -0.03387081250548363 0.059381693601608276 155 144 179
-0.3266836106777191 0.0871540829539299 0.03642844408750534 170 135 128
-0.012372015975415707 -0.0005403047543950379 -0.09954468905925751 143 183 166
0.023888159543275833 -0.04275473579764366 0.06417772173881531 136 169 181
-0.007178157567977905 -0.07820910960435867 0.012025196105241776 129 166 133
-0.1266881674528122 -0.04810527339577675 0.003060778370127082 133 164 162
0.11762988567352295 -0.012308137491345406 0.0769466683268547 161 149 174
0.005606499966233969 -0.024567820131778717 -0.014649860560894012 153 159 141
0.03786855563521385 -0.008265928365290165 0.16614066064357758 130 145 143
-0.07350250333547592 -0.005996122024953365 0.07438702136278152 171 155 179
0.0343945175409317 0.0007468042313121259 -0.02070864848792553 169 142 181
0.05035104975104332 0.031238781288266182 0.01250496320426464 133 139 141
0.020419957116246223 -0.084836944937706 -0.008377819322049618 156 183 129
0.02015700750052929 0.17578162252902985 -0.0006737547810189426 159 138 176
0.0021422519348561764 0.018584823235869408 -0.09319514781236649 177 158 171
0.03905191272497177 -0.04724213853478432 -0.08765984326601028 147 151 184
-0.09206109493970871 -0.012855008244514465 0.1044757068157196 170 181 153
-0.25488731265068054 0.21661293506622314 0.04524756968021393 161 159 180
-0.004513629712164402 0.008098384365439415 0.0055570839904248714 165 135 150
0.012076535262167454 0.00032898058998398483 0.15200993418693542 181 165 145
-0.02719276398420334 -0.003469449933618307 -0.027796177193522453 171 171 170
0.13897724449634552 0.006986353080719709 -0.003070523263886571 141 156 135
-0.1302865743637085 -0.10715100169181824 -0.06707990914583206 168 154 158
-0.001508461544290185 0.02781452238559723 0.060193415731191635 167 170 174
0.0786144882440567 0.05993194505572319 -8.197042188839987e-05 177 177 132
0.10727205127477646 -0.004663466475903988 -0.02479180134832859 182 169 138
-0.13592353463172913 -0.08346828073263168 0.11588912457227707 127 165 156
-0.17111757397651672 0.018836477771401405 -0.037677448242902756 172 134 139
-0.010240264236927032 0.13943801820278168 -0.2119055837392807 136 161 138
0.019709035754203796 -0.015134654939174652 0.0233721025288105 154 129 142
-0.08558349311351776 0.03607017546892166 -0.13946139812469482 164 143 184
0.1566447764635086 -0.09230910986661911 0.23507046699523926 131 164 154
0.1104242205619812 0.17907041311264038 -0.031286176294088364 176 128 169
0.0010871137492358685 -0.12938793003559113 -0.013991105370223522 164 146 161
0.06970003247261047 -0.054389677941799164 0.36221548914909363 141 182 141
-0.0006687335553579032 -0.2829810082912445 -0.09652651846408844 182 183 127
0.036329418420791626 0.021171385422348976 -0.15782518684864044 128 138 160
-0.013335419818758965 -0.12219330668449402 -0.27855125069618225 176 131 133
0.005500634200870991 -0.09346970170736313 -0.12019509077072144 180 158 171
-0.12100730836391449 0.05452244356274605 -0.25337597727775574 137 155 151
0.05216936767101288 0.05738537013530731 -0.036854665726423264 173 185 149
-0.16140305995941162 -0.25352922081947327 -0.014377309009432793 140 185 141
0.08872445672750473 -0.0071183303371071815 0.06634147465229034 182 172 185
0.026716474443674088 -0.028660232201218605 -0.011190536431968212 160 179 168
0.07307162880897522 0.08992404490709305 -0.06064991652965546 153 183 138
-0.0891130343079567 -0.05683376267552376 -0.10017737001180649 166 146 174
0.000917867524549365 0.008965624496340752 -0.030484071001410484 137 158 177
-0.03134441003203392 0.1447211056947708 0.1758839339017868 136 169 164
-0.020545262843370438 0.1487065553665161 0.2564396858215332 135 169 148
0.031311675906181335 -0.1723940223455429 0.11976738274097443 161 144 129
0.07741796225309372 -0.27332329750061035 -0.0013705992605537176 144 141 163
-0.08720709383487701 0.007553698495030403 0.02086615562438965 141 132 157
0.04479867219924927 -0.04066196084022522 0.060678888112306595 138 160 140
-0.21831239759922028 0.017160965129733086 -0.1011936217546463 174 170 152
-0.09413917362689972 0.04342488944530487 -0.015301092527806759 144 151 134
0.044832710176706314 0.006845112424343824 0.37382617592811584 181 152 182
-0.020425114780664444 0.1447683870792389 -0.022235766053199768 163 136 128
0.18968714773654938 0.1006024107336998 0.11148107051849365 185 153 158
-0.09163299202919006 -0.029601698741316795 -0.0069004809483885765 157 127 166
-0.007118985056877136 -0.1783783733844757 0.054498493671417236 135 151 157
0.026075268164277077 0.1967049241065979 0.0027226468082517385 131 141 152
-0.006534930784255266 -0.16234537959098816 -0.018565235659480095 155 164 151
0.10685858875513077 0.0011100468691438437 0.028440922498703003 141 157 136
0.08279867470264435 0.08867648243904114 0.0435531884431839 151 165 169
-0.0742281824350357 -0.10350794345140457 -0.006400909274816513 138 184 132
-0.0013943362282589078 -0.06169753149151802 -0.1223069503903389 159 161 141
-0.06169462203979492 0.17427721619606018 0.012510334141552448 160 160 147
-0.005606853868812323 -0.00548895075917244 -0.2395831048488617 174 175 172
-0.004732496105134487 0.2261868715286255 -0.025275900959968567 164 161 164
-0.005696773529052734 -0.08832616358995438 0.01918591931462288 160 134 156
0.0540429949760437 0.027571098878979683 -0.03601725772023201 130 172 179
0.028348926454782486 -0.18450064957141876 0.057871561497449875 174 129 147
0.05181511119008064 -0.0056590004824101925 -0.2609626352787018 176 136 167
0.035574693232774734 0.03845784813165665 0.2532019317150116 141 164 142
-0.029446687549352646 0.007051737979054451 0.07051466405391693 163 186 149
-0.019599588587880135 0.015786319971084595 0.08486462384462357 144 160 169
-0.14459197223186493 -0.0937235876917839 0.019485564902424812 161 179 170
0.0017767153913155198 0.1591394990682602 0.019681690260767937 177 147 173
0.09744048118591309 0.01968846656382084 0.032748084515333176 141 171 148
0.011328127235174179 -0.21723075211048126 0.01353664230555296 135 185 184
-0.003404592629522085 -0.01055449340492487 0.051513560116291046 185 146 181
-0.07241999357938766 0.02673264592885971 0.013190357014536858 143 169 168
-0.06843184679746628 0.05339934676885605 0.0658983364701271 132 162 186
0.3529277443885803 0.049461327493190765 -0.13865865767002106 183 162 170
0.021234765648841858 0.18424728512763977 -0.007596299052238464 145 139 180
-0.038928862661123276 -0.03767672926187515 -0.024635640904307365 185 185 170
0.049857694655656815 0.05415291339159012 -0.1065305769443512 157 128 149
0.060076791793107986 0.04169636219739914 -0.03716141730546951 131 172 167
0.18969622254371643 0.0020574552472680807 -0.030794985592365265 149 147 179
-0.012919431552290916 -0.0419435128569603 -0.036933887749910355 140 141 154
-0.22064568102359772 0.0020936576183885336 -0.14003050327301025 136 180 161
-0.021385228261351585 -0.07430725544691086 -0.022606434300541878 177 158 166
-0.03902128338813782 -0.09241233021020889 -0.14202411472797394 172 135 183
0.30542293190956116 -0.037097834050655365 0.03874624893069267 169 157 136
-0.03434961661696434 -0.05412677302956581 0.029632877558469772 175 166 136
-0.12646542489528656 -0.029104959219694138 0.04569867625832558 139 178 176
0.03762226551771164 -0.008059238083660603 0.05502372235059738 171 184 170
0.02087702788412571 0.05183817818760872 -0.002502602757886052 177 140 166
0.11432769149541855 -0.006477687507867813 -0.06689336150884628 152 185 176
0.009314623661339283 0.0513123981654644 -0.0006786647718399763 159 173 127
-0.008835529908537865 0.30926764011383057 -0.001339554670266807 177 162 159
0.04019011929631233 -0.11710929870605469 0.003058090340346098 185 178 166
0.06395579874515533 -0.09316397458314896 0.010599995031952858 177 158 139
0.021693900227546692 0.02132320962846279 0.16116969287395477 131 163 132
-0.33283329010009766 0.14410394430160522 0.0688399076461792 159 179 172
0.009799954481422901 0.011667883954942226 0.011630206368863583 167 163 137
-0.007137908134609461 -0.0679526999592781 0.09214163571596146 171 181 182
0.10587014257907867 0.07630090415477753 0.0665883719921112 158 152 166
0.0009305979474447668 0.01382142398506403 0.03836781531572342 149 160 147
0.0026555536314845085 0.013252201490104198 -0.0014370783464983106 169 162 133
-0.016036851331591606 -0.06930237263441086 0.21578249335289001 130 170 161
-0.011388196609914303 0.06407438963651657 -0.12785759568214417 162 128 128
-0.17757700383663177 0.13988487422466278 0.009663665667176247 164 166 181
0.16308322548866272 -0.020446566864848137 0.02201863005757332 175 183 164
0.036904558539390564 -0.03856409341096878 -0.13169091939926147 164 150 167
-0.024211887270212173 0.05460091680288315 -0.014178621582686901 160 161 147
-0.017486456781625748 -0.08114607632160187 0.03571302071213722 180 173 155
-0.06347750127315521 -0.09472916275262833 -0.24210962653160095 164 184 136
-0.002448731567710638 -0.006831454113125801 0.36172929406166077 135 153 142
0.013747257180511951 0.030064063146710396 0.06306646764278412 150 132 166
-0.1176048293709755 0.03482889384031296 0.0509989857673645 175 144 180
-0.05892983078956604 -0.017023306339979172 -0.05660208687186241 145 173 136
-0.2035396546125412 0.1629439741373062 -0.029517732560634613 143 166 150
0.01366862840950489 0.027560999616980553 0.11523791402578354 175 170 170
-0.3372628688812256 0.0925169289112091 -0.12962797284126282 131 132 156
-0.14227518439292908 -0.004513545427471399 0.07042399793863297 131 174 130
0.06721965223550797 0.0032488275319337845 0.005365285091102123 176 138 151
-0.009991521947085857 0.12044698745012283 -0.0009190058335661888 128 168 139
-0.06640714406967163 0.04146325960755348 -0.03462567925453186 185 181 145
0.16465863585472107 0.008868017233908176 0.04132489114999771 156 179 161
0.10755383223295212 -0.05226052552461624 -0.0021301647648215294 131 148 168
-0.01067951787263155 -0.029984043911099434 0.000871956639457494 163 134 146
0.2632386386394501 0.29715496301651 0.017254170030355453 156 142 127
0.019560588523745537 -0.02763158641755581 -0.3283200263977051 173 151 171
-0.21598468720912933 -0.04607810825109482 0.08295682817697525 167 162 129
-0.07878543436527252 -0.6026948094367981 -0.03218846023082733 181 139 171
-0.01449336763471365 0.0027064206078648567 0.03601057827472687 153 180 135
-0.019475452601909637 -0.0027551378589123487 0.07379454374313354 165 172 173
-0.009654661640524864 0.12981456518173218 -0.05226216837763786 182 168 176
-0.02726198174059391 0.11905080825090408 0.0980590432882309 176 138 168
-0.12906509637832642 -0.012900780886411667 0.024120772257447243 175 135 147
0.10285525023937225 0.00022034427092876285 0.06082141771912575 150 129 130
-0.08336038887500763 -0.32333168387413025 -0.07704246044158936 130 175 131
0.04828805848956108 -0.1305215060710907 -0.017912548035383224 177 127 182
-0.028319532051682472 0.06764362752437592 0.020838474854826927 144 144 185
-0.0010984718101099133 -0.03763938322663307 -0.012087555602192879 151 139 157
-0.04449876397848129 -0.219138965010643 -0.04838676005601883 182 140 181
-0.0698731541633606 -0.01288305688649416 -0.12699222564697266 140 156 148
0.04876921698451042 0.10999863594770432 0.005032746121287346 138 128 138
0.13099046051502228 0.05700063705444336 0.03861996531486511 180 151 165
0.06565169990062714 -0.06195438280701637 0.10945567488670349 154 167 153
0.23720093071460724 0.35307347774505615 -0.1066693589091301 177 148 163
0.00275383610278368 0.1146199032664299 -0.2241424322128296 176 183 151
0.08361636847257614 0.052809469401836395 -0.1621374636888504 172 133 134
0.08681922405958176 0.0014142553554847836 0.035212963819503784 140 177 129
-0.02801043726503849 0.10754653066396713 -0.06655026972293854 155 154 151
-0.00021097259013913572 0.01599039137363434 0.2744591236114502 135 171 136
0.12054365873336792 0.0121596809476614 -0.08664219081401825 129 134 166
-0.042862921953201294 -0.06264369934797287 0.18202397227287292 163 145 133
0.05424785986542702 -0.11054569482803345 -0.009786040522158146 179 163 161
0.0981677696108818 -0.07224897295236588 -0.006912338547408581 136 156 183
0.1515914350748062 -0.2062930315732956 -0.11246153712272644 172 149 180
0.003351014805957675 0.013911539688706398 -0.0352146290242672 180 145 136
-0.040928345173597336 0.15192042291164398 0.0023124541621655226 165 182 185
0.08638705313205719 0.0016986242262646556 0.10405420511960983 177 138 141
0.2819010019302368 -0.000751630577724427 -0.09357457607984543 166 177 155
-0.025294451043009758 0.15360821783542633 0.003566514700651169 178 164 182
0.00263789901509881 0.11059027165174484 -0.029743902385234833 133 179 151
-0.020709892734885216 0.0008091203053481877 0.22395429015159607 130 160 128
0.03824511915445328 -0.2316644936800003 -0.08594053983688354 185 132 183
-0.04141336679458618 0.04261825606226921 -0.011960214003920555 154 157 178
0.006922254804521799 0.0547136627137661 -0.04875273257493973 137 186 184
0.0054165213368833065 -0.05548705905675888 0.10942009091377258 151 169 164
-0.022415675222873688 0.0028625670820474625 -0.018513884395360947 177 149 178
0.1288408488035202 0.13917654752731323 -0.26828721165657043 185 141 135
-0.03780602663755417 0.06464002281427383 -0.12047786265611649 175 133 185
0.007977400906383991 0.0018705208785831928 -0.01256045512855053 130 130 181
0.09113083779811859 0.08194137364625931 0.46513715386390686 144 184 158
-0.0033564907498657703 0.11957819014787674 -0.09991999715566635 174 177 159
0.06020325794816017 0.09072308242321014 -0.1174192726612091 136 171 141
-0.016622448340058327 0.03161405771970749 -0.11138586699962616 150 160 152
0.056621577590703964 -0.2475016564130783 -0.20024250447750092 149 133 165
0.07921852171421051 0.07492062449455261 0.2218535989522934 144 182 145
-0.005348754581063986 -0.18226219713687897 0.014328574761748314 143 159 176
0.1054721549153328 0.05372738465666771 -0.3111035227775574 171 171 130
-0.041629381477832794 0.10224049538373947 0.02349669672548771 132 155 173
-0.09609358012676239 -0.022780872881412506 -0.09739218652248383 141 145 177
-0.27101215720176697 0.0798637717962265 0.005647068377584219 157 186 174
-0.10118812322616577 -0.08004617691040039 0.030448127537965775 128 172 163
0.0014973824145272374 -0.06553307175636292 -0.004966468084603548 163 169 134
0.08926961570978165 -0.1949428915977478 0.016285914927721024 149 180 186
-0.09585104137659073 0.006376999896019697 -0.08598276972770691 172 141 150
-0.29757750034332275 0.36288994550704956 -0.1625281274318695 137 162 179
-0.0010544745018705726 0.03904741629958153 0.1132490485906601 147 182 185
-0.19097386300563812 -0.09782068431377411 -0.032289158552885056 179 182 146
0.0009298155782744288 0.302648663520813 0.016600709408521652 140 175 165
-0.022234715521335602 0.07535431534051895 0.005255367141216993 164 157 169
0.01682697981595993 -0.13087575137615204 0.06958691775798798 146 167 161
-0.05009976774454117 0.1720048189163208 0.07506413012742996 183 147 165
-0.20645810663700104 -0.0177425779402256 0.010647071525454521 142 152 185
-0.005374828819185495 0.13314509391784668 -0.0019753274973481894 182 185 175
0.10935194045305252 0.07112185657024384 -0.010037818923592567 150 159 150
-7.108670979505405e-05 -0.019269129261374474 0.06986594200134277 139 149 184
-0.04106344282627106 0.11901643127202988 -0.04235104098916054 150 181 171
0.07014002650976181 0.03998693451285362 0.009730889461934566 158 177 153
0.00418895622715354 -0.05771173909306526 -0.019744258373975754 144 148 168
-0.0035254654940217733 0.16074538230895996 -0.0746154636144638 176 143 147
-0.048907991498708725 0.023246951401233673 -0.08624539524316788 182 165 183
-0.03181849792599678 0.029635369777679443 -0.009211057797074318 178 162 152
-0.009073015302419662 -0.11273805797100067 0.1320485770702362 147 142 184
-0.05689122527837753 -0.1297348439693451 0.15316760540008545 145 141 147
-0.047869130969047546 -0.06516421586275101 -0.19921253621578217 156 144 134
0.0022755858954042196 0.03259696066379547 0.06710144132375717 178 169 132
-0.06043337658047676 -0.08998668193817139 -0.12120918184518814 157 150 184
0.19291584193706512 0.0013508520787581801 -0.009713818319141865 142 158 174
-0.019131939858198166 -0.029124408960342407 -0.018062826246023178 166 186 181
-0.007599830161780119 -0.07093095779418945 0.005026824772357941 141 169 163
-0.026459455490112305 -0.0403522253036499 -0.05228136479854584 130 146 146
0.028768697753548622 0.02913716621696949 -0.14461161196231842 170 183 183
-0.11989433318376541 0.022635944187641144 0.06376913189888 178 134 163
-0.0004363794287201017 -0.03008068911731243 0.16651315987110138 148 172 167
-0.017836498096585274 -0.023992368951439857 0.023128395900130272 182 168 173
-0.005284735467284918 0.22309504449367523 0.006012324709445238 166 134 170
0.02376476302742958 -0.01141859870404005 -0.050293948501348495 156 172 134
-0.053849734365940094 0.032414909452199936 0.14683818817138672 134 154 184
-0.044227879494428635 -0.01801764965057373 0.13003237545490265 150 134 171
-0.0384371355175972 -0.0010642448905855417 0.013862687163054943 140 163 166
0.4978259801864624 -0.054826654493808746 0.0641918033361435 160 168 130
0.14550606906414032 -0.13504809141159058 -0.02970447577536106 165 167 167
-0.002817193977534771 -0.021028444170951843 0.10784505307674408 149 152 130
-0.07607274502515793 -0.01610119827091694 -0.0563407838344574 150 140 186
-0.009184279479086399 0.0005609520594589412 -0.015841173008084297 150 167 128
-0.07725812494754791 -0.011551491916179657 -0.0056555685587227345 129 149 180
-0.012655525468289852 -0.1085464209318161 0.01380910724401474 142 186 164
-0.023230887949466705 -0.08578118681907654 0.09991159290075302 144 149 137
0.04671147093176842 0.07537571340799332 -0.025190474465489388 155 164 173
-0.11009445041418076 -0.03247009962797165 0.04880320653319359 147 145 180
-0.024310139939188957 -0.03498850390315056 -0.08374157547950745 176 174 144
-0.020804906263947487 0.09702317416667938 0.06215828284621239 131 156 161
0.10874056816101074 -0.027673181146383286 0.07176357507705688 162 139 176
-0.06856203079223633 0.05554503947496414 -0.02864680252969265 155 138 153
-0.01603969931602478 -0.06285663694143295 -0.052481427788734436 164 165 167
0.07625333219766617 -0.05049223080277443 -0.32246336340904236 143 147 146
0.058128997683525085 0.07210327684879303 -0.021282009780406952 178 173 131
-0.13139708340168 0.03350254148244858 0.04495668783783913 137 132 127
0.0006944437045603991 -0.0015807165764272213 -0.0023933760821819305 160 152 143
-0.028042109683156013 0.006511693820357323 -0.006255485117435455 182 163 153
0.08629196882247925 0.020231375470757484 0.2376716285943985 184 174 170
-0.015519908629357815 -0.15350690484046936 0.06931948661804199 161 164 146
0.18042699992656708 0.10342038422822952 0.04097501188516617 162 137 148
0.11438588052988052 -0.032855551689863205 0.02523180842399597 149 173 156
-0.013177759945392609 -0.017129790037870407 -0.08549098670482635 135 142 178
-0.02773858793079853 -0.07667125016450882 -0.07199890911579132 161 170 149
-0.03749307245016098 -0.059822458773851395 -0.16695454716682434 181 137 152
-0.17104119062423706 0.03073098137974739 -0.008290453813970089 136 183 130
-0.020440513268113136 -0.2820306122303009 -0.1222350150346756 135 128 175
-0.042830970138311386 -0.015121551230549812 0.0006842284929007292 161 162 176
0.0012320027453824878 0.06038946658372879 -0.024734191596508026 169 136 171
0.13989679515361786 -0.11256283521652222 -0.00224740756675601 159 171 182
-0.017079927027225494 -0.06032410264015198 -0.006029985845088959 155 161 169
0.00951194204390049 0.05453627556562424 -0.029441777616739273 181 137 133
-0.14198191463947296 0.07142401486635208 0.07563164085149765 146 185 143
0.1664162278175354 0.028885800391435623 -0.05217844992876053 148 149 179
-0.16504354774951935 0.08868488669395447 -0.006579420529305935 144 182 162
0.021644996479153633 0.15960414707660675 -0.015060605481266975 180 129 166
0.05432289093732834 -0.0012406406458467245 0.007318789139389992 131 157 143
-0.03683098405599594 0.13228783011436462 0.08116354048252106 154 128 144
0.24725402891635895 -0.026065785437822342 0.01798248663544655 143 142 159
-0.08075405657291412 0.05117282643914223 -0.021848855540156364 164 172 165
0.02065916731953621 -0.03171057626605034 0.07659279555082321 154 167 184
0.08188026398420334 -0.01323678344488144 0.037550609558820724 128 162 172
-0.1019512265920639 -0.1833285689353943 -0.0011764963855966926 149 131 144
-0.016170982271432877 -0.005644956137984991 -0.020654328167438507 136 167 181
-0.0008991195354610682 -0.0031436157878488302 0.012494105845689774 158 155 178
0.018467644229531288 0.10214307904243469 0.2805415689945221 148 164 137
0.0019878153689205647 0.0202302448451519 -0.19497640430927277 185 185 135
0.10097101330757141 0.0008700182661414146 0.04007188603281975 176 177 168
0.2018301635980606 -0.028904924169182777 0.005659340415149927 133 155 180
0.020633094012737274 -0.0024083934258669615 0.010746964253485203 148 147 168
-0.011187899857759476 -0.042569633573293686 0.02200150676071644 164 175 154
0.05335579812526703 -0.050128500908613205 -0.2918251156806946 134 175 136
-0.042472533881664276 0.0677478164434433 0.005391787271946669 145 171 186
-0.33919668197631836 -0.02160007506608963 -0.12901629507541656 185 186 185
-0.08045678585767746 0.11092367768287659 0.07186978310346603 161 161 168
0.11909656226634979 0.14833694696426392 0.04303473234176636 169 185 166
-0.0029638856649398804 0.003441999899223447 0.14934799075126648 135 145 179
0.00680614123120904 -0.17375710606575012 -0.010651829652488232 176 176 129
0.005739068146795034 0.05305165797472 0.0989815965294838 182 146 162
-0.02895004115998745 -0.1439989060163498 -0.04339441657066345 152 142 149
0.0015459901187568903 -0.09135472774505615 -0.013508820906281471 139 134 169
-0.045826129615306854 0.019040565937757492 -0.024601155892014503 169 162 162
-0.01687944494187832 0.013690677471458912 0.061341043561697006 154 175 152
0.013518499210476875 -0.0409405343234539 0.050240304321050644 145 170 146
-0.09437400102615356 0.4362240731716156 -0.04793155565857887 161 140 160
0.2249504178762436 0.05485372245311737 0.017377296462655067 180 136 150
-0.002404182218015194 0.09662587940692902 0.25580894947052 155 171 132
-0.003947701770812273 0.013109203428030014 0.02536321058869362 166 157 159
0.014620096422731876 -0.03370088338851929 0.0011337903561070561 179 132 148
-0.04175595939159393 0.27949443459510803 0.02968364953994751 183 166 136
-0.13272877037525177 0.007476031314581633 0.07507659494876862 130 134 135
-0.020280322059988976 -0.01002610195428133 -0.014711311087012291 158 141 128
-0.04756619408726692 0.048485949635505676 0.2184726595878601 163 134 146
-0.0023545604199171066 -0.004601700231432915 0.04358820244669914 172 178 137
0.09281323850154877 0.0676848515868187 -0.020945340394973755 156 148 168
0.053997769951820374 0.11778005212545395 -0.010028873570263386 143 143 136
0.052285101264715195 0.07062870264053345 -0.4127977788448334 172 176 157
-0.018365848809480667 0.1967332512140274 0.006569481920450926 129 171 129
-0.08748912811279297 -0.009615782648324966 -0.018031228333711624 131 172 128
-0.030427781865000725 -0.2895485460758209 0.14630065858364105 143 184 154
-0.05452851206064224 0.14441196620464325 -0.016096606850624084 144 136 171
0.1319611817598343 0.039878811687231064 0.054264310747385025 134 155 178
-0.0077072130516171455 0.0005966835306026042 -0.05166905000805855 136 171 155
-0.08752796053886414 0.017164429649710655 -0.15663006901741028 169 145 147
0.053524747490882874 0.1660759598016739 0.0013104905374348164 151 151 134
0.0022567599080502987 -0.05358310788869858 0.10810323059558868 159 183 149
-0.10077685117721558 -0.06339432299137115 0.021334940567612648 144 164 171
-0.020550960674881935 -0.12023508548736572 0.06066717207431793 163 132 171
-0.08369939774274826 0.0668417438864708 0.11712723970413208 136 180 141
-0.30500927567481995 -0.03153575211763382 -0.027923401445150375 185 174 150
0.07161002606153488 -0.2821294665336609 -0.05302675440907478 136 166 130
-0.019411856308579445 0.020774463191628456 -0.00090697972336784 144 173 176
0.006075502838939428 -0.10067086666822433 -0.05813748762011528 173 158 157
0.00012282976240385324 -0.0409366637468338 -0.055272407829761505 159 149 167
-0.04217204451560974 0.0424874983727932 0.025190146639943123 176 152 142
0.028050735592842102 -0.05712943896651268 -0.017590612173080444 145 138 179
0.0072197518311440945 0.021660324186086655 0.004069161601364613 176 148 181
-0.066214919090271 0.10059424489736557 0.06967005878686905 176 137 166
-0.047720182687044144 -0.08565550297498703 -0.0077836159616708755 169 161 161
-0.0062344688922166824 -0.029402701184153557 -0.20966635644435883 130 183 185
-0.003075109561905265 -0.03223730996251106 0.06717368215322495 144 163 130
-0.023362556472420692 -0.054005224257707596 0.005313532892614603 169 153 133
0.04286705330014229 0.21178512275218964 -0.23466578125953674 141 183 142
0.013047941960394382 0.019943544641137123 0.07625777274370193 179 183 167
0.2903014123439789 -0.024170150980353355 -0.013375508598983288 129 147 136
0.004392583854496479 -0.03614501655101776 -0.06416524946689606 155 169 143
-0.04261539503931999 0.002829354489222169 -0.05682152509689331 174 141 140
-0.006202687509357929 0.023807376623153687 0.008415651507675648 142 149 149
0.06203923746943474 -0.024206260219216347 0.11186666786670685 139 142 160
-0.006532092113047838 0.06234360113739967 -0.018564913421869278 141 175 134
-0.213500514626503 -0.013723018579185009 0.13302691280841827 183 182 138
0.01972164958715439 0.005088561214506626 0.016048770397901535 127 143 156
0.07053889334201813 0.006605430506169796 -0.09018215537071228 154 172 164
0.2518123686313629 -0.08547327667474747 -0.3264461159706116 138 181 165
-0.012439711019396782 -0.036412689834833145 -0.010294552892446518 186 163 158
0.016974173486232758 -0.04789937660098076 0.030622242018580437 153 155 143
0.011503041721880436 0.01829374209046364 0.19996382296085358 150 174 154
0.025489356368780136 -0.012943197973072529 -0.0657556802034378 178 156 153
0.16107547283172607 0.09073153883218765 -0.05850638076663017 174 164 147
-0.03854300454258919 -0.04467320442199707 -0.004852598067373037 141 184 151
-0.04254725202918053 -0.13530588150024414 -0.11428152769804001 170 137 137
0.08386010676622391 -0.07178954780101776 0.0854237824678421 148 176 166
0.00796202290803194 -0.06812773644924164 -0.0186985544860363 129 138 136
0.029849044978618622 -0.04019944742321968 -0.0018670212011784315 183 160 167
-0.04733327403664589 0.1392563283443451 -0.17631839215755463 175 148 146
0.030708473175764084 -0.04739445820450783 -0.12193578481674194 132 153 128
-0.21103119850158691 -0.026894858106970787 -0.002859176369383931 141 161 141
0.030652428045868874 -0.12058496475219727 -0.17047134041786194 175 168 134
0.0063638403080403805 0.00853170920163393 -0.07865919172763824 141 145 146
0.03171335905790329 0.04226469621062279 -0.005326471757143736 180 179 139
-0.011203793808817863 -0.21950815618038177 0.03315066918730736 159 164 130
-0.02755221165716648 -0.02403242141008377 -0.07600624114274979 165 147 135
-0.06256471574306488 0.02928580343723297 0.29636257886886597 158 144 156
-0.0014829280553385615 0.04797475039958954 0.04219016060233116 165 150 157
-0.11715415865182877 0.043197985738515854 0.005798679776489735 129 135 176
0.000495628104545176 -0.19505196809768677 -0.4514416754245758 168 155 132
0.00431335624307394 -0.21728156507015228 0.000981368008069694 171 152 178
-0.011211498640477657 0.001459077699109912 0.004363405052572489 142 159 186
-0.032688673585653305 0.11751427501440048 0.01929571107029915 148 172 156
0.3226329982280731 -0.016988378018140793 0.0589355006814003 150 182 146
0.07297087460756302 0.04293108358979225 -0.009111727587878704 127 176 164
-0.016932327300310135 0.1335240602493286 0.015610161237418652 144 180 182
-0.09706389158964157 -0.014052500016987324 0.0498100183904171 172 155 145
-0.05086066201329231 -0.03668965399265289 0.013180041685700417 133 139 149
0.16896729171276093 0.07444748282432556 0.02148684673011303 136 155 141
0.032623291015625 -0.030069492757320404 0.0010264830198138952 177 173 170
-0.011095019988715649 0.09074071049690247 -0.0008994919480755925 181 163 164
0.052299097180366516 -0.019743580371141434 -0.023359255865216255 177 146 180
0.04438943788409233 0.004082754720002413 0.003482024185359478 175 149 133
-0.150181844830513 -0.05548667907714844 -0.01734844595193863 174 173 185
-0.06105676293373108 0.002877253107726574 -0.001089257886633277 170 137 166
-0.11592040956020355 0.00489778583869338 0.1577983945608139 169 152 181
-0.11352813243865967 -0.08745091408491135 0.1671324074268341 150 152 182
0.02807767316699028 0.0324193574488163 -0.19972071051597595 132 159 167
0.19526587426662445 -0.10371850430965424 -0.04237978532910347 155 154 182
-0.009972351603209972 0.16884897649288177 -0.025541024282574654 157 129 146
-0.03447229042649269 0.005038753151893616 0.0430709645152092 168 175 180
0.15232831239700317 -0.010660440661013126 -0.08240590989589691 183 139 159
0.04324738308787346 -0.24033212661743164 0.10487908124923706 178 178 161
-0.056151024997234344 -0.022426893934607506 0.03806590288877487 176 140 143
0.08400731533765793 0.07884926348924637 -0.028284650295972824 186 147 139
0.010005488991737366 0.010799957439303398 -0.11995533853769302 162 140 161
0.2075098603963852 -0.00399125786498189 -0.11396918445825577 142 182 168
-0.18229694664478302 -0.07018955796957016 0.01626952551305294 139 134 175
-0.128773033618927 -0.024951420724391937 0.1470552682876587 165 137 171
0.008879231289029121 -0.012232097797095776 -0.2773650586605072 157 184 145
-0.011071574874222279 -0.03445364162325859 0.1982397735118866 156 163 169
0.02818104811012745 -0.009442543610930443 -0.0009653969900682569 180 150 129
0.007409402169287205 0.06051138788461685 -0.21013779938220978 150 180 151
0.03809419274330139 0.10722723603248596 -0.006991011090576649 163 175 156
0.052566662430763245 0.05019570514559746 0.032550692558288574 182 169 174
0.03128478676080704 0.004159100819379091 -0.1576060652732849 130 169 176
0.34712210297584534 -0.0920313224196434 -0.17029838263988495 144 177 176
0.009516851976513863 0.0006322771077975631 -0.011128978803753853 170 174 139
0.03505551069974899 -0.14390720427036285 -0.014453032054007053 173 168 173
-0.0005542190046980977 -0.310020387172699 0.0429626926779747 160 183 146
-0.4361691176891327 -0.20967832207679749 -0.019231727346777916 176 172 142
-0.018901310861110687 0.06515950709581375 -0.005756561178714037 164 157 144
-0.05527784302830696 0.004394527059048414 0.002267434261739254 153 161 170
0.036616574972867966 -0.004404054023325443 0.0599554106593132 138 184 146
-0.15437184274196625 0.016520820558071136 0.024725615978240967 171 133 140
-0.06838931888341904 -0.0974896177649498 0.059291772544384 137 159 131
-0.032067496329545975 -0.11935766786336899 -0.004266782198101282 166 175 183
-0.09491106867790222 0.006680082529783249 0.0007581223617307842 154 148 172
0.002286638133227825 0.0065560294315218925 0.015470053069293499 162 136 153
-0.01675938442349434 0.01941477321088314 0.13632383942604065 166 185 185
0.0950380265712738 0.035579536110162735 -0.010697704739868641 158 162 151
0.14472101628780365 -0.0283985435962677 0.023135613650083542 157 168 133
-0.09917822480201721 -0.02165910415351391 -0.19495344161987305 142 184 139
0.007290448062121868 0.044544510543346405 0.08187200874090195 184 131 169
0.16704212129116058 0.022497495636343956 -0.09281326085329056 153 182 156
-0.15422117710113525 0.006481285206973553 -0.009295332245528698 136 180 177
0.01494568306952715 -0.13308285176753998 0.005245514214038849 157 127 147
-0.28951677680015564 -0.035390499979257584 0.21776854991912842 180 183 134
0.2689369022846222 -0.16196823120117188 -0.007340090814977884 161 183 140
-0.11796008795499802 0.07896243035793304 -0.05563097447156906 128 146 182
0.04735870659351349 0.19054849445819855 -0.008543584495782852 162 169 153
0.036037102341651917 0.03119347244501114 -0.032096244394779205 140 183 175
0.09183409810066223 0.027726689353585243 -0.17065618932247162 184 175 155
-0.07663065940141678 -0.025596005842089653 -0.18269526958465576 179 168 148
0.013644814491271973 0.15222576260566711 0.02923513576388359 184 179 152
-0.2383403182029724 0.0020119757391512394 0.07826881110668182 137 136 148
0.3900207281112671 0.043913427740335464 -0.025277050212025642 159 181 178
-0.028528906404972076 -0.15961851179599762 0.005783224944025278 165 178 183
-0.1483495533466339 0.001661204150877893 0.10168948769569397 186 161 180
0.46251189708709717 0.08472604304552078 0.12060527503490448 131 164 169
0.005434771999716759 0.007304441183805466 -0.01188221201300621 164 140 180
0.19044552743434906 -0.07533660531044006 0.007469681091606617 173 138 146
0.17204011976718903 -0.10426289588212967 0.007003780920058489 162 165 130
0.009236800484359264 -0.015542835928499699 0.04611145332455635 127 132 176
-0.0059180124662816525 0.03704402968287468 0.0002147376217180863 164 167 184
4.693285882240161e-05 -0.019688325002789497 0.09889355301856995 157 143 184
0.04320342466235161 -0.15530595183372498 -0.0229240320622921 173 182 159
-0.07051627337932587 -0.022906478494405746 -0.12080090492963791 151 145 183
0.005442662164568901 0.045685116201639175 0.10867347568273544 178 175 180
0.01939026452600956 0.1659822165966034 -0.004867819137871265 170 182 171
0.10109463334083557 -0.02001587301492691 -0.004851600155234337 150 185 156
-0.22311635315418243 0.04349673539400101 0.15008823573589325 183 178 170
0.07801254838705063 -0.277078241109848 0.03969743102788925 141 151 148
-0.0045962706208229065 -0.07822845876216888 -0.04661140590906143 186 148 148
-0.038374241441488266 -0.058067381381988525 0.1745457798242569 160 139 155
0.05143970251083374 0.014324584975838661 0.20825883746147156 174 176 132
-0.004675020929425955 -0.019051173701882362 0.009142660535871983 180 130 175
-0.09409889578819275 0.013612905517220497 -0.0369742251932621 183 158 132
0.22249141335487366 -0.014334945008158684 0.11239075660705566 140 157 165
0.04627610743045807 -0.06680870801210403 0.0368696004152298 163 133 141
-0.019045306369662285 0.041235074400901794 -0.014612819068133831 140 130 137
0.021770622581243515 0.011153111234307289 0.14602375030517578 172 165 149
-0.2392067313194275 0.02836659923195839 -0.0446840301156044 130 131 178
-0.008297955617308617 0.004640631377696991 0.0007277696277014911 175 178 179
0.013302238658070564 -0.009139830246567726 -0.0024763825349509716 182 172 185
-0.15428605675697327 -0.07070816308259964 0.040113870054483414 155 184 135
-0.14354290068149567 0.10066955536603928 -0.06008373945951462 151 181 165
0.005566808860749006 0.034179795533418655 0.0259076040238142 183 169 182
-0.13733446598052979 -0.09735778719186783 0.13521872460842133 142 181 164
0.05681315064430237 0.03381374105811119 -0.16870199143886566 129 149 148
-0.17534752190113068 -0.10008330643177032 0.04551221802830696 143 138 158
-0.16138704121112823 -0.1631043553352356 -0.0047320169396698475 153 167 171
0.07991517335176468 -0.18242722749710083 -0.2222784161567688 173 181 170
-0.04555901885032654 -0.28054681420326233 0.11545935273170471 165 168 175
0.010236329399049282 -0.005981802940368652 -0.0021107180509716272 182 147 184
0.008540021255612373 -0.0071245236322283745 -0.010780051350593567 141 133 175
0.07025647163391113 -0.36601290106773376 0.09800821542739868 140 157 153
-0.014502245001494884 -0.14169694483280182 0.07079993188381195 183 154 144
-0.021123895421624184 -0.004707448650151491 0.08566708117723465 149 185 158
0.006744965445250273 -0.03383880853652954 -0.08941926807165146 183 185 137
0.17248928546905518 0.19944754242897034 0.011222836561501026 145 169 145
0.16817253828048706 0.010508457198739052 0.12722310423851013 141 177 183
-0.04370857775211334 -0.04217375069856644 -0.07872075587511063 183 162 131
-0.06279300898313522 -0.035543445497751236 0.1248873770236969 170 132 183
-0.27079543471336365 0.13454891741275787 -0.016302883625030518 142 148 147
0.0061427331529557705 -0.0214677844196558 -0.29516616463661194 151 133 166
-0.005444548558443785 0.11116153001785278 -0.032446425408124924 184 131 146
0.014260073192417622 0.13252973556518555 0.004137581679970026 150 170 180
0.019117111340165138 0.2283308207988739 0.012039482593536377 183 153 155
0.01055698562413454 0.03929469361901283 -0.02819284424185753 164 158 173
0.1394282430410385 -0.002908216556534171 0.20426392555236816 173 183 164
-0.06497542560100555 -0.0024807683657854795 -0.009566145949065685 185 181 179
-0.10482654720544815 0.021718475967645645 -0.0564640536904335 131 149 155
0.145328551530838 -0.06837380677461624 -0.00027079242863692343 182 148 166
-0.16334415972232819 -0.07695017009973526 0.006177297327667475 170 160 163
-0.01002043392509222 -0.01446241233497858 0.031903091818094254 160 163 156
0.10447605699300766 -0.16424332559108734 -0.0043253470212221146 171 166 165
-0.013812456279993057 -0.15848173201084137 -0.11239068955183029 137 137 128
-0.08367698639631271 -0.08164075762033463 -0.2863342761993408 174 169 172
-0.01622956059873104 -0.01991167850792408 -0.01666007749736309 167 181 134
-0.03669764846563339 -0.05318216606974602 0.10095945000648499 172 148 163
0.045214712619781494 0.08924391120672226 0.06196209415793419 166 176 137
0.10607940703630447 -0.0325961634516716 0.00434969924390316 163 175 135
-0.21620985865592957 0.05832083523273468 0.12879891693592072 177 131 149
0.14724400639533997 -0.0008039330132305622 -0.009505817666649818 132 168 158
-0.07478004693984985 0.11936714500188828 0.020439179614186287 150 165 174
-0.13107363879680634 -0.0029287156648933887 -0.08884566277265549 183 165 162
0.029549121856689453 0.0857672467827797 -0.044034443795681 154 167 181
-0.07505901157855988 -0.32546156644821167 0.03591039776802063 161 178 162
-0.1331673413515091 0.11111785471439362 0.014648668467998505 133 182 149
0.0028550676070153713 -0.03557005152106285 0.01872326247394085 185 131 159
-0.06422960013151169 0.028336236253380775 -0.08780425041913986 147 153 139
0.04188457131385803 0.21027477085590363 -0.004621509462594986 156 129 142
0.04537465050816536 -0.21741333603858948 -0.01138385571539402 180 136 167
0.002112973714247346 -0.1602572798728943 -0.031274426728487015 161 148 154
0.06776723265647888 -0.026932187378406525 0.04111853241920471 180 142 156
0.06463921070098877 -0.023795973509550095 -0.010648537427186966 153 143 172
-0.08306167274713516 -0.008878630585968494 -0.0015076289419084787 144 166 186
-0.15026524662971497 -0.022412538528442383 0.05193984508514404 185 160 183
0.01859111152589321 0.00914018414914608 0.0010781012242659926 155 164 156
0.0818687230348587 0.05937989056110382 0.006201613694429398 160 186 149
0.19136662781238556 0.013191419653594494 0.010296262800693512 143 183 159
-0.0070857275277376175 0.014055253006517887 0.004408067092299461 142 183 173
-0.014870512299239635 0.02996002323925495 -0.0031840838491916656 156 181 143
-0.0761919692158699 0.0566006638109684 0.14529982209205627 173 145 136
0.02588276006281376 -0.016902301460504532 -0.020998463034629822 154 131 136
0.08514288067817688 -1.4436068340728525e-05 -0.004889966920018196 174 147 180
0.1345129758119583 -0.11350886523723602 0.029400955885648727 165 150 167
0.022018510848283768 0.0030161722097545862 -0.04848138988018036 145 181 184
-0.12552328407764435 -0.04496337100863457 -0.2003314197063446 139 150 132
0.09428722411394119 -0.02278461493551731 0.08728515356779099 128 128 155
-0.005667200777679682 -0.08702920377254486 0.050351060926914215 141 179 134
-0.0003300936077721417 0.050132714211940765 -0.0021544790361076593 160 174 146
0.10541506856679916 -0.015881098806858063 0.03018026053905487 181 161 142
0.11070656776428223 0.03899958357214928 0.08665257692337036 135 142 184
0.025946984067559242 0.10762809962034225 -0.028254309669137 182 139 135
-0.0018316591158509254 0.007414115592837334 -0.12519456446170807 136 181 150
0.0394335575401783 0.11294876039028168 0.06748601049184799 148 174 137
-0.0018554369453340769 0.10752754658460617 -0.011206397786736488 175 133 137
-0.094232939183712 0.3294179439544678 -0.019071167334914207 178 175 131
-0.22379720211029053 -0.0674465000629425 0.16465871036052704 153 176 173
0.07886593788862228 0.022977596148848534 0.18104076385498047 164 174 155
0.021523920819163322 0.2214229702949524 0.054761577397584915 144 178 171
0.11670287698507309 -0.03673693537712097 -0.00461004301905632 138 141 149
0.18011023104190826 0.0036888141185045242 0.00535361235961318 183 158 169
-0.005533375311642885 0.07431820780038834 -0.04635530337691307 181 153 139
0.011344674043357372 0.05658098682761192 -0.20047953724861145 138 180 186
0.09975775331258774 0.25957590341567993 -0.018869198858737946 184 162 156
0.051526837050914764 0.013916094787418842 0.08506868034601212 168 137 153
0.03422117605805397 -0.019552482292056084 0.05417046323418617 138 178 172
0.0777328610420227 0.1501048356294632 -0.08596938103437424 170 166 139
-0.2359073907136917 0.0357821024954319 0.019640963524580002 146 175 169
0.2033921629190445 0.16055327653884888 0.04244083911180496 151 155 168
-0.07905011624097824 0.004737158305943012 -0.14350509643554688 152 132 146
-0.043079622089862823 -0.34813401103019714 -0.3349624276161194 184 155 137
-0.32663363218307495 0.01439757365733385 0.2225978672504425 149 171 158
-0.015189539641141891 0.020726501941680908 -0.010986007750034332 176 153 167
0.006665402557700872 0.01202818751335144 0.0013851692201569676 137 132 151
0.005123620852828026 0.026142418384552002 0.07405392080545425 137 168 161
0.05670541152358055 -0.01828516460955143 -0.04870498925447464 163 143 146
0.01149428728967905 0.38264232873916626 -0.03875163570046425 176 154 138
0.0032585463486611843 -0.11552836745977402 0.20305965840816498 154 147 142
-0.11058010160923004 -0.1037571132183075 0.07474225759506226 173 175 170
0.23966017365455627 -0.08400353044271469 0.1134941428899765 175 173 148
0.2121906876564026 -0.0034682524856179953 -0.05260613188147545 133 148 138
-0.046035945415496826 -0.03872348368167877 0.046091850847005844 135 134 161
0.19017332792282104 -0.054367538541555405 0.20532040297985077 154 164 169
-0.012546312995254993 0.0230830330401659 0.029212359338998795 132 145 173
0.0018327508587390184 -0.09145259112119675 0.06260181218385696 153 129 181
-0.004355768673121929 -0.09655686467885971 0.009219314903020859 162 169 157
-0.04982881247997284 0.13223949074745178 0.054463159292936325 173 176 176
0.13820257782936096 -0.05295870825648308 -0.007960068061947823 129 137 141
-0.09463944286108017 -0.04384245350956917 0.08900857716798782 130 136 130
0.005077604204416275 0.10024598985910416 0.0022239265963435173 148 131 185
-0.07638175785541534 0.04610380530357361 -0.0904029980301857 163 176 186
0.30727463960647583 0.018611304461956024 0.019228441640734673 148 180 137
-0.04367977753281593 0.10026025772094727 -0.12645788490772247 149 136 143
-0.05806725472211838 0.020415717735886574 0.03554953262209892 180 182 143
-0.12334863096475601 0.03467751666903496 0.01324159000068903 170 137 137
0.017491985112428665 -0.0026448764838278294 -0.014423437416553497 186 168 170
0.04432450607419014 -0.016060398891568184 -0.21347200870513916 163 183 144
-0.009552555158734322 0.039699800312519073 0.09397748112678528 166 182 139
-0.0019409541273489594 -0.0028107587713748217 -0.053507380187511444 146 183 134
-0.06839260458946228 -0.025366736575961113 -0.015450955368578434 172 170 185
-0.08315785974264145 -0.0007961998926475644 0.0919874981045723 166 138 142
0.04724443703889847 -0.3507624566555023 -0.024608809500932693 180 128 156
-0.007386683486402035 -0.0706283450126648 -0.037999898195266724 151 141 146
-0.0867948979139328 -0.0017476854845881462 0.05392132326960564 152 171 159
-0.0066145071759819984 -0.012744187377393246 -0.01695205643773079 131 143 161
0.008804411627352238 0.009687863290309906 0.0106184808537364 184 183 168
0.11543841660022736 0.09329219162464142 -0.06137733906507492 149 159 154
-0.0008718500030227005 -0.035017505288124084 0.18434298038482666 167 171 149
0.010075501166284084 0.011976517736911774 -0.0177829060703516 145 174 151
-0.008302610367536545 -0.04381752386689186 0.005985008552670479 173 175 137
-0.05837319791316986 0.015500572510063648 -0.057579703629016876 128 130 139
0.07318006455898285 -0.008045004680752754 0.007004664279520512 153 138 150
0.19027042388916016 -0.07358282804489136 -0.013804600574076176 142 151 180
-0.07341770827770233 0.012371961027383804 0.07185552269220352 141 158 129
-0.06804633140563965 0.017455346882343292 0.08633331954479218 176 171 159
-0.02743222750723362 -0.029157664626836777 0.030775565654039383 171 127 151
0.13774000108242035 -0.09777750074863434 0.044499967247247696 181 177 156
-0.050117671489715576 0.06110548973083496 -0.3074589967727661 133 164 147
0.1225006952881813 -0.14164766669273376 -0.013695867732167244 169 165 175
0.007874010130763054 0.06804250180721283 0.004266032483428717 163 154 135
0.00029502014513127506 0.011154694482684135 0.002308945171535015 128 127 159
0.15032555162906647 0.004084874875843525 -0.0334567092359066 151 142 131
0.06944068521261215 -0.059497661888599396 0.04287689924240112 145 169 159
0.05403917282819748 0.06775369495153427 -0.07773741334676743 152 181 156
-0.150203138589859 0.051967643201351166 0.40031561255455017 149 147 176
0.09019375592470169 0.00433857599273324 -0.059203069657087326 132 128 148
0.09487231075763702 0.10222162306308746 0.006389364134520292 177 168 177
0.12263960391283035 0.1493542492389679 -0.03993051126599312 176 172 146
0.02171468734741211 0.14097166061401367 -0.020474232733249664 159 129 137
-0.040722914040088654 -0.12187594175338745 0.06751574575901031 170 131 130
0.10078299790620804 0.05059978738427162 -0.012941461056470871 176 133 172
-0.027651207521557808 -0.001595639856532216 0.004471844527870417 139 159 170
0.2122192680835724 0.025793002918362617 0.05195781588554382 138 164 127
0.06749681383371353 -0.0030511640943586826 -0.16792967915534973 173 133 129
-0.0016975768376141787 -0.02015262097120285 0.3501517176628113 141 167 177
0.0013484094524756074 -0.023812392726540565 -0.0659492239356041 156 139 179
-0.0507599338889122 -0.13853763043880463 0.03119928203523159 162 162 152
-0.1541312336921692 0.013313718140125275 -0.02622334100306034 178 127 163
0.014291082508862019 0.014506431296467781 0.01053758803755045 174 156 144
0.1331225484609604 -0.013264884240925312 0.07637985050678253 182 175 176
0.14153999090194702 0.01984279975295067 -0.0064802044071257114 140 129 178
0.0644257441163063 -0.03757281228899956 -0.018773281946778297 180 167 131
0.07108460366725922 -0.05010908842086792 0.0004185358411632478 180 159 168
0.0203710850328207 0.06929852813482285 0.1957441121339798 162 137 171
-0.29944005608558655 -0.06400581449270248 0.03690308704972267 178 135 141
-0.00696065416559577 -0.0073939659632742405 -0.025863120332360268 180 142 164
0.14343106746673584 -0.007264156825840473 -0.009584219194948673 142 132 165
-0.007020444143563509 -0.09090360254049301 0.12145727127790451 162 161 166
0.002763323485851288 -0.17941522598266602 0.030334876850247383 159 156 145
-0.044083740562200546 0.001386882970109582 -0.005983236711472273 169 173 169
-0.02782292850315571 -0.23196786642074585 0.018394790589809418 173 172 181
0.10271686315536499 -0.04985436052083969 0.0493323989212513 128 161 177
-0.030924687162041664 -0.07746448367834091 0.07750939577817917 161 164 158
-0.20761007070541382 -0.1641550362110138 0.24649567902088165 182 137 151
-0.03708259016275406 -0.14763008058071136 0.10751722007989883 152 184 139
-0.00945767667144537 0.037033721804618835 0.03689098358154297 136 140 158
-0.007638874929398298 -0.011727395467460155 -0.03227768838405609 161 145 169
-0.05016586557030678 0.12528640031814575 -0.05596030503511429 167 141 169
-0.032868172973394394 0.0032986998558044434 0.008894039317965508 132 185 169
0.16589787602424622 0.12099941074848175 -0.05878143757581711 159 139 186
-0.08352332562208176 -0.08453162014484406 -0.01813267357647419 165 179 165
0.1443023979663849 0.22555173933506012 0.010037289001047611 163 155 145
-0.11444519460201263 -0.09619681537151337 0.1400514841079712 158 182 131
-0.03322148323059082 0.10383525490760803 -0.060233503580093384 157 185 151
0.024562695994973183 -0.14193794131278992 -0.0010409618262201548 156 177 131
-0.002128883730620146 -0.11744510382413864 -0.07687076181173325 166 145 180
-0.005770151503384113 -0.07638371735811234 -0.019883226603269577 159 183 132
-0.030689066275954247 -0.11712858080863953 0.014279165305197239 175 136 163
-0.09325497597455978 0.003488424001261592 -0.03619616478681564 146 152 143
0.09964118152856827 0.0010329840006306767 0.03709644824266434 172 166 143
-0.13970255851745605 -0.03663964942097664 -0.0860525444149971 163 150 174
0.12961408495903015 0.027667252346873283 -0.02765907719731331 182 145 153
-0.07527003437280655 -0.09110650420188904 -0.02140689641237259 171 146 165
0.015138916671276093 -0.003929229453206062 0.013321300968527794 155 185 153
-0.034140270203351974 0.14433622360229492 -0.0921090617775917 174 143 169
-0.06298030912876129 0.16847237944602966 0.0007376743596978486 176 145 132
0.023043861612677574 -0.08955628424882889 0.04135941341519356 178 130 144
0.01724785380065441 0.05192664638161659 0.29223501682281494 156 173 137
0.02005184255540371 -0.04841380566358566 -0.08840884268283844 132 143 170
-0.03617211803793907 -0.012596065178513527 -0.03599962964653969 184 168 152
0.08417709916830063 -0.12374142557382584 -0.1287827044725418 186 158 147
0.013748785480856895 0.00022222427651286125 -0.02775108814239502 168 148 160
-0.08105427771806717 0.0781572163105011 0.04603464901447296 165 146 177
-0.05586561560630798 0.24299664795398712 -0.017993584275245667 132 181 158
-0.08113571256399155 -0.011258576065301895 0.037078648805618286 130 133 165
-0.021371226757764816 -0.03673398122191429 0.02189037948846817 136 159 179
-0.07133849710226059 -0.2285706102848053 -0.0500667542219162 156 159 143
0.14404743909835815 0.0025503598153591156 -0.05435360223054886 128 128 161
-0.023397820070385933 0.0027675232850015163 0.08751675486564636 142 160 145
0.07820092141628265 -0.028418047353625298 -0.007645325735211372 148 144 180
0.010369338095188141 0.1845252513885498 -0.2434861809015274 141 155 150
-0.030695589259266853 -0.07065147161483765 -0.07958236336708069 156 140 132
-0.09491999447345734 0.0011062279809266329 -0.1286238431930542 155 146 139
0.05111048370599747 0.053805872797966 -0.028535932302474976 135 129 131
-0.18367475271224976 -0.08905380219221115 -0.027910448610782623 185 147 144
-0.004359870683401823 -0.019965054467320442 -0.08183415979146957 182 174 128
0.13040591776371002 0.08032844215631485 -0.17472785711288452 135 170 181
-0.05052677169442177 0.04475182667374611 0.027172191068530083 183 181 181
-0.15872709453105927 -0.003100445494055748 0.0013776541454717517 150 146 173
0.039236050099134445 0.04462852329015732 -0.015583627857267857 134 162 148
0.023888690397143364 -0.020441684871912003 0.01254176627844572 169 156 157
-0.1257157027721405 0.0316304974257946 -0.0007515563047491014 144 145 173
-0.004585201386362314 -0.2471184879541397 -0.06777699291706085 170 139 156
-0.005219532176852226 0.039077918976545334 -0.030909938737750053 185 181 172
0.013240810483694077 -0.018015939742326736 0.052430614829063416 157 154 171
-0.047132041305303574 0.026844903826713562 -0.01922476477921009 179 173 161
0.15463057160377502 -0.1715741902589798 0.0382254458963871 137 135 170
-0.09109044820070267 -0.1310269832611084 0.04627388343214989 147 159 184
0.07085015624761581 -0.11102529615163803 0.006554346065968275 165 183 162
0.06250552088022232 -0.014262163080275059 -0.08642188459634781 153 153 152
-0.01094823982566595 0.009505555033683777 0.0359547920525074 161 154 142
-0.13359929621219635 0.18789665400981903 0.053295742720365524 167 131 136
-0.02134040743112564 -0.03625776991248131 -0.00024225209199357778 169 184 178
0.19568271934986115 0.03666999563574791 -0.024743644520640373 149 182 140
-0.07517095655202866 0.04035878926515579 0.05930224433541298 163 157 162
0.0038692939560860395 -0.10588429123163223 -0.0270843468606472 168 178 147
-0.12983153760433197 -0.058164384216070175 0.05082853510975838 169 159 148
0.06701207906007767 -0.035264380276203156 0.02667934074997902 160 162 162
-0.07001019269227982 -6.485911399067845e-06 -0.019903283566236496 152 170 141
0.15020880103111267 0.005348518490791321 -0.0948108583688736 169 150 147
-0.017026031389832497 0.03672049939632416 0.2553275227546692 157 161 172
-0.016523169353604317 -0.0003508265072014183 -0.000649865425657481 166 127 134
-0.0870848000049591 0.007828771136701107 -0.03060332126915455 181 167 169
-0.047409433871507645 0.17629854381084442 0.07094970345497131 143 183 162
0.045674193650484085 -0.013441724702715874 -0.10376347601413727 165 139 142
0.16638019680976868 0.045123837888240814 0.20552095770835876 133 161 159
-0.16727280616760254 0.03238581120967865 -0.048696368932724 133 165 130
0.014185682870447636 -0.10799529403448105 -0.10119853913784027 182 132 176
0.027896711602807045 0.03092879243195057 0.10119129717350006 151 180 131
0.0010340420994907618 0.002677046926692128 -0.035534389317035675 172 185 177
0.024363689124584198 -0.054224029183387756 -0.08855652064085007 132 167 170
-0.2030133754014969 -0.049114543944597244 0.10630599409341812 155 169 144
0.02525619976222515 -0.021432340145111084 0.0006407328182831407 171 160 166
0.1130121648311615 -0.06380311399698257 -0.0032474857289344072 166 178 145
0.07456360012292862 0.025290513411164284 -0.08231426775455475 151 138 184
0.002251700032502413 -0.00874958373606205 -0.03647994250059128 161 148 161
0.004456808790564537 -0.17325101792812347 0.007253485266119242 130 154 150
-0.0741543248295784 -0.038245219737291336 -0.11769922822713852 131 127 186
-0.037851590663194656 0.029774343594908714 0.01937539130449295 171 130 175
0.0036556662525981665 -0.051644906401634216 -0.017672348767518997 132 170 148
0.053994320333004 0.05758150294423103 -0.09914347529411316 145 163 177
0.0035911460872739553 -0.018814651295542717 -0.36494433879852295 132 132 135
-0.03614770248532295 0.045843157917261124 0.038673967123031616 181 138 131
-0.3184860944747925 0.024018991738557816 -0.008825549855828285 173 181 141
0.02156704105436802 -0.033925577998161316 0.032058559358119965 133 133 186
-0.14697496592998505 0.19163931906223297 0.007391056045889854 179 136 130
0.08914218842983246 0.029942916706204414 0.009338848292827606 157 130 170
-0.25615254044532776 -0.024427667260169983 -0.03845905140042305 168 157 131
-0.06457531452178955 0.14326055347919464 -0.00028000533347949386 135 143 148
-0.0363401398062706 0.0955367460846901 0.02968204766511917 173 181 184
-0.007365040481090546 -0.027745047584176064 0.09142499417066574 161 178 180
-0.06693974137306213 -0.10166724026203156 0.01655491255223751 174 137 181
-0.20261281728744507 0.07069329172372818 -0.003928539343178272 130 160 164
-0.03736269846558571 0.07923916727304459 0.008418132551014423 148 154 163
0.1053665354847908 0.1182870864868164 0.027045344933867455 160 133 142
0.033763814717531204 0.0725814551115036 0.3945787847042084 160 156 179
-0.030135223641991615 -0.3602800965309143 0.057143136858940125 169 154 176
0.007911370135843754 0.35946470499038696 0.0036562473978847265 134 164 145
-0.17137938737869263 -0.07136643677949905 -0.095563605427742 161 177 180
-0.016851965337991714 -0.02142270654439926 0.18676608800888062 151 134 159
-0.16853277385234833 -0.01068631000816822 -0.4531649649143219 159 176 182
-0.032467957586050034 0.045220211148262024 -0.0141080217435956 164 149 139
0.06364551186561584 -0.056421730667352676 -0.07414223253726959 145 129 175
-0.056814394891262054 -0.2004784345626831 0.1628006100654602 159 180 166
-0.0017294486751779914 0.0151270292699337 0.04547327011823654 143 175 178
0.11404802650213242 -0.03608618676662445 -0.00819803960621357 166 146 164
0.07584034651517868 0.19854214787483215 0.005267729051411152 171 159 133
0.02814154326915741 -0.018159952014684677 0.1174827590584755 159 155 183
0.015166261233389378 -0.007414649706333876 -0.012995220720767975 135 185 172
0.036525823175907135 0.04524118825793266 -0.08739393949508667 173 178 183
-0.044097185134887695 -0.29743388295173645 0.01467125304043293 162 128 149
-0.0017074542120099068 -0.09934962540864944 0.08290871232748032 148 155 141
-0.011180644854903221 -0.18489350378513336 0.032267775386571884 155 181 140
-0.07790877670049667 0.04968839883804321 -0.037163879722356796 174 163 132
0.01106603629887104 -0.01374009344726801 -0.0029411620926111937 158 172 177
0.0012547568185254931 -0.016615064814686775 -0.014822479337453842 130 143 131
-0.060369133949279785 -0.08229293674230576 -0.007055943366140127 152 184 134
0.011246374808251858 -0.1570197343826294 -0.27842777967453003 133 169 176
0.0006210620049387217 -0.0388784185051918 -0.20770682394504547 180 166 145
0.012531490996479988 0.056092798709869385 0.35179415345191956 130 131 138
0.008081548847258091 -0.18600593507289886 -0.020261503756046295 182 152 176
-0.04295177757740021 0.058747533708810806 -0.22508306801319122 154 130 183
-0.004524039104580879 0.07104910910129547 0.30427345633506775 169 155 164
-0.24550317227840424 0.12025535106658936 -0.006056017708033323 178 178 131
0.039980266243219376 0.14282166957855225 0.012729561887681484 144 145 164
-0.03764208406209946 0.02774190343916416 0.047495026141405106 171 176 159
0.14464972913265228 -0.06809629499912262 0.21601639688014984 150 170 152
0.00024953167303465307 0.016277821734547615 -0.4702073335647583 145 182 129
0.03138663247227669 0.022905966266989708 -0.056914523243904114 185 150 160
-0.1092485561966896 0.007518408354371786 -0.050579216331243515 156 128 178
0.0046229735016822815 -0.0150755001232028 -0.0026215841062366962 151 130 161
0.02966151386499405 -0.008536400273442268 -0.018813207745552063 137 155 177
-0.0075378878973424435 0.07464917749166489 0.3866926431655884 133 150 173
-0.006273833569139242 0.13069990277290344 -0.14874739944934845 172 164 170
0.13689428567886353 -0.3373776078224182 -0.02731560729444027 175 176 181
0.007378114853054285 -0.24766404926776886 -0.0456937700510025 184 183 184
-0.0291706845164299 0.12448827922344208 -0.045808542519807816 164 144 148
-0.23159518837928772 0.15954618155956268 0.00038692494854331017 181 132 169
-0.0017721188487485051 -0.27251601219177246 0.06654700636863708 130 185 147
-0.038923319429159164 0.00853975210338831 -0.08288358896970749 128 170 179
0.17219685018062592 0.12163969874382019 -0.08044973760843277 183 181 155
-0.03507283329963684 -0.03337406367063522 0.02785971388220787 157 144 143
0.08242322504520416 -0.006699828431010246 -0.04326122626662254 162 172 166
-0.00046478761942125857 -0.017711104825139046 -0.016356036067008972 153 165 161
0.01367986761033535 -0.08638659864664078 0.026085898280143738 140 152 170
0.009444070048630238 -0.24932244420051575 0.039399098604917526 182 156 174
0.018732447177171707 -0.003207666799426079 -0.005565602798014879 134 142 182
-0.07003256678581238 0.0386885441839695 0.012244419194757938 170 163 166
-0.12295293062925339 -0.008319966495037079 0.07261347770690918 147 160 170
-0.036641787737607956 0.042074158787727356 0.055065929889678955 158 142 160
0.17526675760746002 -0.11480682343244553 0.03120381012558937 129 176 153
-0.14656904339790344 -0.14596468210220337 -0.052866242825984955 182 150 183
0.08187083899974823 -0.045737724751234055 -0.026870818808674812 143 176 161
0.0745207667350769 -0.03616778180003166 0.12597401440143585 129 177 147
-0.014235938899219036 -0.051578108221292496 0.07367020845413208 132 163 174
-0.04933996871113777 -0.035599734634160995 -0.0033945178147405386 158 151 146
-0.04071803763508797 0.04869398474693298 -0.004590983036905527 140 171 138
-0.04765009507536888 0.025878293439745903 -0.02657594345510006 131 145 153
-0.007393918000161648 0.049567341804504395 -0.02621256373822689 176 130 175
0.007090522442013025 0.003041796386241913 0.019390389323234558 153 183 184
0.06689639389514923 0.3821583688259125 -0.15030202269554138 143 129 131
-0.00033611146500334144 -0.16834764182567596 -0.02025071159005165 134 180 136
-0.01222007442265749 0.09408966451883316 -0.1393892914056778 146 168 137
0.05129270628094673 0.03969775512814522 0.00873070303350687 135 148 129
0.0369039922952652 0.07241521030664444 -0.004132501780986786 170 130 158
0.04753634333610535 0.07480777055025101 -0.01137490663677454 176 167 167
-0.013908826746046543 -0.11447685211896896 -0.0034542297944426537 166 182 161
-0.04344416409730911 -0.19314360618591309 0.06580255925655365 172 168 183
0.04629047214984894 -0.05040937662124634 -0.03858715668320656 165 181 154
0.0067152525298297405 0.08455528318881989 -0.11648876965045929 151 131 135
0.078384630382061 0.14913079142570496 0.055065546184778214 171 153 135
-0.19198308885097504 0.024757573381066322 -0.09765209257602692 183 146 160
-0.036350350826978683 0.01229801680892706 0.1887272745370865 149 141 155
0.05190226435661316 -0.10347437113523483 -0.10550998151302338 158 162 172
-0.012121225707232952 -0.2155376374721527 -0.03524802252650261 168 164 151
-0.0028811905067414045 -0.09430568665266037 0.011923898942768574 135 163 185
-0.0162361953407526 -0.006836943794041872 -0.02469944767653942 146 131 153
-0.15198378264904022 -0.03947196900844574 0.06734085083007812 141 154 131
0.017193233594298363 0.016909116879105568 -0.122657410800457 180 183 171
-0.025815166532993317 0.007903501391410828 -0.08695561438798904 148 151 138
0.003066369565203786 0.03673581779003143 -0.035638730973005295 133 170 150
-0.06211113929748535 0.0003896954585798085 0.05382125452160835 176 182 170
0.0022173060569912195 0.05471070110797882 0.07801074534654617 178 166 155
0.06125506013631821 0.08746414631605148 -0.03968648985028267 178 185 158
0.11791525036096573 -0.19764873385429382 -0.00047052124864421785 127 171 169
0.10366149246692657 0.06184276193380356 0.036907896399497986 147 138 151
-0.12592223286628723 0.016486819833517075 0.005033147521317005 159 185 175
0.027358340099453926 -0.19301186501979828 0.28367918729782104 162 160 177
-0.19000586867332458 -0.025911996141076088 0.01818305253982544 139 150 178
0.06169707328081131 -0.019716903567314148 -0.025244668126106262 154 175 132
0.12414592504501343 0.003995059058070183 0.04056210070848465 149 141 159
-0.009822667576372623 0.3410017788410187 -0.028556475415825844 169 140 146
0.08784517645835876 -0.18249721825122833 0.08368508517742157 159 178 172
0.1290297508239746 0.0874207392334938 0.03309984877705574 135 147 178
-0.040460750460624695 0.046429481357336044 -0.03261631727218628 166 141 127
-0.007034344132989645 0.03720218315720558 -0.03763353079557419 164 160 185
0.03982037678360939 0.008589825592935085 0.1367090791463852 153 132 144
0.0008000292582437396 -0.045771561563014984 -0.03741827234625816 140 143 179
0.14647865295410156 0.1888325959444046 -0.16865116357803345 177 171 148
-0.108173668384552 0.1467122584581375 -0.11721377074718475 184 143 185
-0.02946264110505581 0.14481115341186523 -0.044881582260131836 173 131 170
-0.02440493181347847 0.09227621555328369 0.03966435417532921 167 161 140
-0.003971673082560301 -0.10280591249465942 0.020707322284579277 168 182 146
0.152372807264328 -0.1834835410118103 0.09312649816274643 176 141 165
0.15469323098659515 -0.015056509524583817 0.13802574574947357 154 169 135
-0.03236129507422447 -0.07096210867166519 0.026707787066698074 177 127 132
0.11828503012657166 0.09927694499492645 -0.012430664151906967 135 178 155
0.0025548229459673166 -0.027386954054236412 0.12685400247573853 146 137 135
-0.02475755102932453 0.06275894492864609 0.029386915266513824 169 170 130
-0.037588052451610565 0.02192104607820511 0.03496468439698219 136 162 161
0.06554044783115387 -0.00763741135597229 0.08896850049495697 151 147 165
-0.040913403034210205 0.00786341167986393 -0.07293970137834549 134 185 167
0.04996747896075249 0.03358722850680351 -0.0652066096663475 181 151 141
0.11653870344161987 0.0006983583443798125 -0.0501861497759819 146 178 159
0.00538666732609272 -0.006394704803824425 -0.03658929839730263 135 134 136
0.04781057685613632 0.15791857242584229 0.2292783409357071 129 178 151
-0.12767629325389862 0.3277604877948761 -0.3057125508785248 127 166 143
0.06290049105882645 -0.020265601575374603 0.04827684536576271 138 139 154
0.06070093438029289 0.051594238728284836 -0.037776246666908264 130 167 142
0.01886259764432907 0.20463550090789795 -0.2569270431995392 172 157 136
-0.04292409494519234 -0.030409174039959908 -0.019648831337690353 158 152 171
0.10824897885322571 0.07378893345594406 -0.0062038167379796505 127 169 173
-0.03534941002726555 -0.029071955010294914 -0.004153056535869837 156 140 178
-0.017091937363147736 0.03339603543281555 -0.14231106638908386 185 137 150
0.005199945531785488 -0.034140873700380325 0.0037402252200990915 177 152 169
-0.07576752454042435 0.008404767140746117 -0.012083283625543118 169 139 149
-0.09390265494585037 -0.0031571220606565475 -0.10358206182718277 167 174 143
-0.0001652789651416242 0.18514597415924072 0.09503888338804245 159 169 139
0.02323795296251774 0.0012512634275481105 0.004177889320999384 148 173 184
0.09682600200176239 -0.10692040622234344 0.05800998583436012 163 165 164
0.050451744347810745 -0.06545259803533554 -0.001661196118220687 137 180 160
0.047711025923490524 0.18869930505752563 -0.30514755845069885 147 142 186
-0.11671525985002518 -0.033907026052474976 0.05532051622867584 130 175 175
0.02189318649470806 -0.10887426137924194 -0.038187190890312195 152 144 141
-0.01385994628071785 0.08749280124902725 -0.06616814434528351 154 140 159
-0.15695475041866302 -0.0046509187668561935 -0.13662736117839813 155 153 165
0.10563234239816666 0.039536166936159134 -0.0549418069422245 145 155 128
0.06928212195634842 0.037009917199611664 -0.08144579827785492 143 166 159
-0.002195557113736868 0.08000139892101288 -0.05043480917811394 175 148 130
0.07432254403829575 -0.026549259200692177 -0.1295621693134308 128 136 183
-0.16044436395168304 -0.004084838554263115 0.08270221948623657 129 161 172
0.019012950360774994 -0.00785410962998867 0.10537945479154587 130 162 184
0.02579990029335022 -0.028826570138335228 0.04748823493719101 153 171 185
-0.0743890106678009 0.08400287479162216 -0.016786551102995872 175 157 171
0.012996268458664417 -0.0037638021167367697 -0.00542290136218071 164 167 179
0.04972653090953827 -0.015408298000693321 0.12626048922538757 176 185 130
-0.01738596335053444 0.027661476284265518 0.07024061679840088 183 183 185
-0.004409152083098888 0.0016412233235314488 0.047693341970443726 145 139 143
0.006790514569729567 0.1872004121541977 -0.03160269930958748 159 131 167
-0.1678065061569214 -0.021715844050049782 0.014071058481931686 137 180 185
-0.2332974523305893 0.0696273222565651 0.005276163574308157 134 178 133
-0.08137773722410202 0.040784165263175964 -0.01907542534172535 164 153 179
-0.24643294513225555 -0.007627806626260281 0.09661232680082321 144 175 175
0.14910416305065155 -0.03845997527241707 -0.014694440178573132 174 169 185
-0.14209188520908356 0.04329560697078705 0.010363806039094925 156 149 133
0.06326029449701309 0.008922558277845383 0.013979173265397549 157 174 140
-0.14049206674098969 0.0689379870891571 -0.065976582467556 163 142 161
0.00782023649662733 -0.12117768079042435 -0.02153806760907173 178 140 179
-0.0038556880317628384 -0.01734114997088909 0.023381449282169342 136 130 178
-0.0774303451180458 0.06987109780311584 0.0017652789829298854 183 137 139
-0.07383879274129868 0.015444185584783554 -0.16042780876159668 148 145 168
-0.2278967648744583 0.33405566215515137 0.10787562280893326 173 162 144
-0.027038536965847015 0.008534194901585579 0.14136351644992828 172 147 156
-0.10005293041467667 0.0011853489559143782 0.07241198420524597 170 166 186
-0.02669319324195385 0.0033536390401422977 0.07425171136856079 159 156 135
-0.12022407352924347 -0.0965060144662857 -0.15924662351608276 149 158 183
0.13841816782951355 0.087603360414505 0.07611136138439178 142 170 163
-0.007031021174043417 -0.2800692915916443 -0.012906234711408615 171 154 154
0.16578514873981476 -0.00851468276232481 0.06933699548244476 145 181 129
0.05803300440311432 0.004721317905932665 0.03598613291978836 154 127 136
-0.0975831151008606 -0.034332241863012314 0.08934234827756882 132 145 137
-0.06532728672027588 -0.03419375792145729 -0.028050728142261505 132 171 183
0.04657461494207382 -0.09454800933599472 -0.04882907122373581 174 165 184
0.007487491238862276 -0.041663944721221924 -0.08229496330022812 152 168 163
0.038998838514089584 -0.041813235729932785 -0.0012186168460175395 177 131 164
0.2314690351486206 0.014811721630394459 0.029880080372095108 173 162 160
0.045121241360902786 -0.007646903861314058 -0.14832492172718048 181 158 150
-0.03057866357266903 -0.037137262523174286 -0.12615922093391418 186 184 153
-0.01927213743329048 -0.0011588246561586857 -0.04344494268298149 178 162 131
-0.25628140568733215 0.008723806589841843 0.19006264209747314 162 134 149
-0.03394133970141411 -0.02406255528330803 -0.02592562325298786 183 182 174
-0.02812596783041954 -0.0034713929053395987 -0.26423993706703186 158 148 184
-0.1252814382314682 0.010763000696897507 0.033429812639951706 158 179 147
-0.1119389757514 -0.07858595997095108 -0.07014960795640945 158 160 150
-0.01032274030148983 -0.13449518382549286 -0.056759677827358246 186 166 130
0.030346224084496498 -0.0017040615202859044 0.05270497128367424 178 175 167
-0.08956096321344376 0.06493310630321503 0.016611061990261078 131 171 167
-0.08418910205364227 -0.0062845489010214806 0.11874933540821075 184 168 160
-0.11949633806943893 -0.1583511382341385 -0.002420688746497035 152 183 184
0.011183243244886398 0.03147884085774422 0.04807191342115402 134 127 183
0.02051844820380211 -0.13184396922588348 -0.07076019048690796 165 147 152
-0.3212125301361084 0.010935711674392223 0.03939462825655937 143 166 143
0.02890949510037899 0.03778626397252083 -0.008784748613834381 141 164 162
0.17622344195842743 0.007187888026237488 0.030732110142707825 169 186 140
0.006407143548130989 0.07519188523292542 -0.05539822205901146 138 156 144
0.003944585099816322 -0.004985950421541929 0.05838312581181526 155 164 127
-0.042632438242435455 0.0150847677141428 0.012295420281589031 148 179 174
-0.11375796049833298 -0.17115426063537598 -0.10298250615596771 173 141 175
-0.07649677246809006 -0.006701418664306402 -0.03205789998173714 155 134 173
0.004129254259169102 -0.00022395818086806685 0.07220235466957092 164 164 180
0.13927464187145233 0.06502147018909454 -0.3180235028266907 146 156 148
0.023631665855646133 -0.06078800559043884 0.18486438691616058 166 179 146
0.02716241404414177 0.06318283081054688 0.008443291299045086 184 149 153
-0.04196720942854881 -0.08275048434734344 0.035918377339839935 144 138 159
-0.10814537853002548 0.00022317981347441673 -0.0648152083158493 129 184 170
0.07902079075574875 -0.0019124868558719754 -0.12050268799066544 147 138 137
0.031128086149692535 0.05285642296075821 -0.039161622524261475 130 183 141
-0.11577966064214706 0.17349185049533844 -0.09386508166790009 184 163 145
-0.0006700651720166206 0.06573478132486343 0.02902950718998909 141 182 170
-0.006617266684770584 0.05727378651499748 -0.03637954220175743 166 137 168
0.009692919440567493 0.09562206268310547 -0.0171075277030468 168 168 155
0.05399423465132713 -0.3956666588783264 -0.009308361448347569 135 164 134
0.05970611050724983 0.027872148901224136 0.004698889795690775 174 173 174
0.04892099276185036 -0.002156989648938179 0.13191978633403778 129 142 153
0.269650399684906 0.03983079642057419 0.006419576704502106 174 156 158
-0.26902657747268677 0.009170781821012497 0.012294965796172619 142 147 139
-0.09671882539987564 0.15211671590805054 0.002571179997175932 184 181 175
0.09549025446176529 -0.039851851761341095 0.035523418337106705 136 150 136
0.0075667924247682095 -0.06619729846715927 -0.05266423895955086 166 180 137
-0.05262273550033569 -0.043490130454301834 -0.03600817918777466 152 142 128
-0.04292910546064377 -0.027606556192040443 0.17543989419937134 153 177 172
-0.04689982160925865 0.062123898416757584 -0.07211741805076599 180 151 131
0.0330510139465332 -0.026979852467775345 0.13225677609443665 152 180 134
-0.019215306267142296 0.06029026582837105 0.10154478251934052 178 150 143
0.05829881876707077 0.00035711604868993163 -0.05048149824142456 159 137 179
-0.07258357107639313 0.1994096338748932 -0.004242518451064825 138 144 145
-0.05253548175096512 0.060944270342588425 -0.009641713462769985 137 176 170
0.30631276965141296 0.002048247028142214 0.08937971293926239 130 174 173
0.0397125780582428 -0.034178558737039566 -0.0006210405845195055 164 160 148
-0.08731229603290558 -0.02390461415052414 0.06183931976556778 128 143 139
-0.1991918534040451 0.05324891582131386 0.14425024390220642 133 148 180
0.25264474749565125 0.027467280626296997 -0.007264388259500265 183 171 135
-0.021060805767774582 0.003275875700637698 -0.30377745628356934 137 130 167
0.09441761672496796 0.12082614749670029 -0.008919613435864449 171 150 164
0.29228687286376953 -0.012523038312792778 -0.30279380083084106 150 152 160
-0.002355468226596713 -0.005153448786586523 0.09355945140123367 173 145 170
0.03758074715733528 -0.4061827063560486 0.022538209334015846 184 171 179
-0.05924532562494278 0.0423729307949543 -0.04473529011011124 164 175 162
0.03805456683039665 0.01713949628174305 0.19089509546756744 141 171 133
-0.015902087092399597 -0.002619435777887702 -0.1251809000968933 175 175 176
-0.13296230137348175 -0.14332109689712524 0.015451240353286266 153 150 149
-0.17849139869213104 -0.0037167237605899572 0.002964111277833581 170 164 160
0.004811176564544439 -0.01418045163154602 -0.05321168527007103 166 159 154
-0.002652189927175641 0.009267404675483704 -0.003602857468649745 162 154 135
0.14076456427574158 0.00022693831124342978 -0.00644394475966692 182 184 135
-0.06226912513375282 -0.06418809294700623 0.041136790066957474 150 171 136
0.007952944375574589 0.007699871901422739 -0.17752474546432495 159 183 179
0.04469537362456322 -0.1492014229297638 0.042854320257902145 151 134 127
0.037837691605091095 0.2654974162578583 0.0028405077755451202 176 170 164
0.09876040369272232 0.002759623108431697 0.0050873286090791225 167 178 166
-0.08201000094413757 0.08945785462856293 0.1451745331287384 145 158 183
-0.12608103454113007 0.14938558638095856 0.08971944451332092 143 164 154
0.011021101847290993 0.0641644224524498 -0.07702282816171646 176 137 146
-0.0006658218335360289 0.11600849032402039 -0.02339191921055317 181 176 134
0.004780404269695282 0.009336753748357296 -0.14554275572299957 169 129 183
-0.004915162920951843 -0.15025199949741364 0.008952162228524685 178 135 153
0.01248957496136427 -0.157167449593544 -0.07608063519001007 159 159 134
4.810728205484338e-05 0.07068409770727158 0.09217768162488937 145 153 137
0.04999329894781113 0.06557894498109818 0.11073312908411026 169 177 182
-0.060983806848526 -0.09834591299295425 -0.031055593863129616 150 181 172
-0.0012817380484193563 -0.004175358451902866 0.23586460947990417 156 150 155
0.012138876132667065 -0.003747701644897461 -0.14400985836982727 137 128 136
0.033623188734054565 0.06653338670730591 0.04164084419608116 178 151 150
0.01651679165661335 0.05673852562904358 -0.013490414246916771 177 139 167
-0.18202251195907593 0.017457708716392517 0.04849154129624367 162 161 179
-0.028169509023427963 -0.17956951260566711 0.09024975448846817 161 138 155
-0.06268934160470963 -0.16930384933948517 0.07035140693187714 150 184 182
0.07339458912611008 0.06920012086629868 -0.05730130523443222 184 161 144
-0.002433458808809519 -0.007353374734520912 0.008249254897236824 138 149 138
-0.0348140224814415 -0.013293251395225525 -0.044210292398929596 185 135 141
-0.005004752893000841 0.0021515865810215473 -0.09492210298776627 173 186 168
-0.0004660897538997233 -0.19016897678375244 0.004816122353076935 132 156 173
0.0050012762658298016 -0.05303063988685608 -0.09599300473928452 134 159 166
0.1823912262916565 0.29888463020324707 0.2548912465572357 148 134 185
0.1563277393579483 -0.0507693849503994 -0.07408779114484787 181 180 175
0.02922312170267105 -0.07383798807859421 0.5062450766563416 179 185 149
0.14527125656604767 -0.01860976777970791 0.016523266211152077 151 182 185
0.08674617856740952 0.08195385336875916 0.016916604712605476 183 171 145
0.030119232833385468 -0.05135709047317505 0.04615555331110954 157 153 183
0.13169142603874207 0.11639462411403656 -0.20317985117435455 155 146 158
-0.013612153939902782 0.4107080101966858 0.16288027167320251 146 143 166
-0.011484291404485703 0.33654025197029114 -0.07379768788814545 147 146 161
-0.015726862475275993 -0.008717372082173824 0.05642138794064522 157 135 173
0.2652915418148041 -0.006444700062274933 -0.0001049061756930314 134 150 184
0.01990232616662979 -0.09333962202072144 -0.030555829405784607 179 156 175
0.06464994698762894 0.025196623057127 0.00478246808052063 148 168 143
0.08203155547380447 0.1870117485523224 -0.018095385283231735 152 186 131
0.007929393090307713 -0.06340604275465012 -0.07076311111450195 181 156 176
-0.08623737096786499 0.2461666315793991 0.04323383793234825 173 168 144
-0.25265318155288696 0.10048044472932816 0.19859057664871216 129 178 163
0.0021895291283726692 0.06819780170917511 0.029189767315983772 185 157 159
0.09926839172840118 0.007053641136735678 -0.011202274821698666 157 173 165
-0.00251993746496737 0.03836536034941673 0.13402889668941498 150 164 167
0.011541222222149372 -0.1885325312614441 0.20572681725025177 180 177 163
-0.09077078849077225 0.06569984555244446 -0.051272034645080566 184 167 184
0.08730799704790115 0.07637909054756165 0.02142196148633957 152 133 153
0.0151822529733181 0.00920404214411974 0.0695807933807373 147 149 173
0.01714729517698288 0.09625918418169022 0.03250056505203247 186 155 179
0.00920237135142088 0.04165700823068619 0.01045879814773798 165 181 160
0.012801209464669228 -0.02550157904624939 0.12429805845022202 177 186 180
0.007377298548817635 -0.3027192950248718 0.07656904309988022 168 179 141
0.20769351720809937 -0.011638013646006584 0.1320648491382599 167 170 168
-0.1484507918357849 0.09870388358831406 0.05749907344579697 137 147 172
0.012791560031473637 0.1464775800704956 -0.010499640367925167 161 152 177
0.09829774498939514 -0.02781672216951847 -0.01121828705072403 145 138 167
0.0634232833981514 -0.0005677292356267571 -0.003665616735816002 138 149 131
0.10538197308778763 -0.11729893088340759 0.01335091982036829 154 150 167
-0.019579535350203514 -0.20857688784599304 0.13128314912319183 134 155 133
0.03520086780190468 -0.04528667405247688 -0.0049098944291472435 153 149 150
0.06864487379789352 -0.011827267706394196 0.2547638714313507 150 130 149
0.029925893992185593 -0.003919174894690514 0.01339729130268097 161 136 128
0.062314312905073166 0.0017179930582642555 -0.11670440435409546 178 132 146
0.04768681526184082 0.08044619858264923 -0.05242288112640381 147 147 157
0.23006217181682587 0.021920369938015938 -0.03442125394940376 164 172 165
-0.08689606189727783 0.03446220979094505 -0.17248986661434174 174 134 167
-0.04288143664598465 0.0432298518717289 0.1295716017484665 183 144 129
-0.006364122964441776 0.11821228265762329 0.11748435348272324 140 178 165
0.24666763842105865 -0.12223874032497406 -0.009590250439941883 147 149 163
-0.00037668918957933784 -0.004299798980355263 0.15393763780593872 130 164 151
0.006624703761190176 -0.17641696333885193 -0.3830741047859192 178 141 136
0.04302388057112694 -0.040279828011989594 -0.007503046654164791 138 183 141
0.09984223544597626 -0.08358582854270935 0.04070696979761124 154 157 140
-0.09327108412981033 -0.047343723475933075 -0.06077801063656807 176 140 178
-0.009448373690247536 -0.11373114585876465 0.06336424499750137 154 178 177
0.03950383886694908 -0.08506559580564499 0.06274791806936264 178 171 177
-0.032441530376672745 -0.03427702561020851 0.027701789513230324 176 162 144
-0.030050238594412804 -0.0964239314198494 0.0026298160664737225 172 141 169
0.30334267020225525 0.2290113866329193 0.006439644377678633 160 154 176
0.004852604120969772 -0.0013479716144502163 -0.0672520250082016 129 182 184
0.06759291887283325 -0.004514473024755716 -0.02305670827627182 161 176 157
-0.023179158568382263 0.05311092734336853 0.1869008094072342 149 172 162
-0.11634184420108795 0.047099072486162186 0.014712407253682613 180 141 164
-0.17766118049621582 -0.2861662209033966 -0.12308141589164734 143 184 166
0.03131882846355438 -0.09146765619516373 0.0063059208914637566 173 138 176
-0.17111262679100037 0.07503605633974075 0.031359557062387466 181 172 166
0.1588992178440094 0.07435973733663559 0.04661478102207184 174 163 173
-0.01716787740588188 0.104417584836483 0.16479234397411346 171 171 172
-0.008633616380393505 -0.0011612566886469722 0.03377876430749893 129 130 168
0.005063657648861408 -0.1334022581577301 -0.03143400326371193 164 157 154
-0.08203954994678497 0.005539541132748127 -0.0033405532594770193 182 160 135
0.009905532002449036 -0.11875862628221512 -0.06471943855285645 128 127 174
0.027984673157334328 -0.0890468955039978 -0.017438963055610657 178 145 165
-0.09202862530946732 -0.08354196697473526 -0.031194694340229034 186 152 156
-0.04791882634162903 0.014900014735758305 -0.1702195703983307 154 144 174
-0.1322922706604004 -0.028588872402906418 0.029930036514997482 130 184 131
-0.039158694446086884 -0.10628262907266617 0.24640178680419922 128 153 159
0.028572699055075645 -0.1370483934879303 -0.019351301714777946 161 178 181
0.05537238344550133 -0.12734080851078033 -0.039022866636514664 173 140 129
-0.028572112321853638 -0.012424933724105358 -0.00632111169397831 163 143 166
-0.07275227457284927 -0.05715838819742203 0.003729551564902067 149 180 139
-0.07013043761253357 -0.12002153694629669 0.03508661314845085 176 144 129
0.16510115563869476 -0.022413164377212524 0.14535607397556305 145 172 167
-0.0010649734176695347 -0.011203750036656857 -0.026805106550455093 137 176 176
0.125218003988266 -0.005103636998683214 -0.08426100760698318 138 183 166
-0.019356288015842438 0.07579060643911362 0.033990371972322464 141 151 159
-0.024211667478084564 0.04615437239408493 0.024963760748505592 177 164 180
-0.07088606804609299 0.1131681501865387 -0.037241701036691666 173 136 166
0.00458121532574296 0.07983670383691788 0.0136249465867877 177 150 166
0.01986796036362648 0.13062185049057007 -0.03364190086722374 186 137 140
-0.1366591453552246 0.015271487645804882 0.07302836328744888 155 164 175
0.005938265472650528 -0.1253412812948227 0.03812447190284729 184 177 131
-0.17882834374904633 -0.004016007762402296 0.051958754658699036 182 174 162
-0.027969354763627052 -0.050687652081251144 0.08835472166538239 185 175 151
-0.03410828858613968 0.1138576865196228 -0.07985000312328339 134 171 132
-0.09310111403465271 -0.053651392459869385 -0.03284459561109543 173 163 130
-0.042359791696071625 0.02407345548272133 -0.0771041214466095 137 169 186
-0.004664568230509758 -0.006368343718349934 -0.09851755201816559 167 182 159
0.05231244117021561 0.08583614975214005 0.019573818892240524 167 182 135
-0.256255179643631 0.09101750701665878 -0.014639576897025108 171 171 143
0.020818203687667847 -0.054905544966459274 0.07014497369527817 170 184 181
0.08172431588172913 -0.001475722179748118 -0.3266606628894806 172 165 144
-0.009384597651660442 -0.048473138362169266 -0.03302610665559769 185 181 163
0.005869329907000065 0.019968820735812187 -0.03304098919034004 171 135 184
0.00667713675647974 0.061036478728055954 -0.0034906791988760233 166 172 184
0.024325240403413773 -0.18111708760261536 0.029969224706292152 146 160 174
-0.004605076741427183 0.006571819074451923 -0.20072254538536072 171 131 137
0.02301071025431156 0.054698098450899124 -0.021336983889341354 155 128 183
0.03205077722668648 0.07202810049057007 -0.0685112252831459 176 144 154
0.054747384041547775 -0.33997440338134766 -0.2856205105781555 181 174 162
0.08903692662715912 -0.03650457784533501 -0.033931948244571686 149 132 133
0.008429931476712227 0.08065331727266312 0.04848945885896683 169 137 130
0.01274058222770691 0.00601622648537159 -0.07186644524335861 166 148 183
-0.26948633790016174 -0.003739126492291689 0.17278005182743073 175 162 172
0.07021401077508926 0.01275294367223978 0.06861831247806549 148 156 170
-0.12141113728284836 -0.03664692863821983 0.196928009390831 168 160 159
-0.06493987888097763 0.013562476262450218 -0.207227885723114 184 135 177
0.00422948133200407 -0.0006888826028443873 0.02779604308307171 154 133 171
-0.16238148510456085 -0.011492292396724224 -0.019299976527690887 174 142 180
-0.004836801905184984 0.15924862027168274 0.18203367292881012 130 176 145
0.011761295609176159 -0.007653313688933849 0.0947079211473465 184 169 175
0.005802765488624573 0.0526914969086647 0.07227218896150589 174 170 178
-0.5226746201515198 0.02266148291528225 -0.12337188422679901 164 151 163
0.04361175373196602 0.01694939099252224 0.0007832723786123097 139 159 152
-0.03195374459028244 0.15778662264347076 -0.05250700190663338 154 174 171
0.010271414183080196 0.12687914073467255 -0.026300638914108276 162 183 132
-0.0008578753913752735 -0.10235018283128738 -0.0032550550531595945 158 180 182
0.0022590369917452335 0.02281820960342884 -0.007119255606085062 137 144 175
-0.04116460308432579 0.05073884129524231 0.017588762566447258 134 172 172
0.031074652448296547 0.03588443621993065 -0.14632827043533325 179 165 157
-0.2950005829334259 0.12848272919654846 -0.004962059669196606 181 170 132
-0.0617472305893898 -0.003978865221142769 -0.021234611049294472 147 151 175
0.16941452026367188 0.003753372933715582 -0.23279747366905212 174 161 134
0.009657694026827812 -0.011956539005041122 -0.033257197588682175 160 162 158
-0.09207188338041306 -0.022765692323446274 -0.2843973934650421 130 162 132
0.16713997721672058 0.06114472076296806 0.00842754915356636 131 136 153
0.013363811187446117 -0.025967102497816086 -0.03141003102064133 164 168 181
-0.04432420805096626 -0.05552421137690544 -0.1301674246788025 161 153 141
-0.07691075652837753 0.05625772103667259 0.11223851889371872 178 146 173
0.009225660935044289 -0.22983746230602264 0.04263468086719513 161 169 177
-0.037727080285549164 0.08894485235214233 -0.06365992873907089 132 158 134
0.1746491640806198 -0.26673629879951477 -0.007852175273001194 149 137 136
0.0033271987922489643 0.2471216768026352 -0.004701561760157347 163 185 160
0.00902713742107153 -0.0200550127774477 0.07603485137224197 154 183 179
0.14914721250534058 0.03382856026291847 -0.09357036650180817 160 170 174
-0.009703384712338448 -0.11838684976100922 0.08811619877815247 164 157 144
-0.003985593561083078 0.01865324378013611 0.09849295020103455 160 172 162
0.008948944509029388 0.011052370071411133 0.2920621633529663 169 143 184
0.018017318099737167 0.2756063640117645 -0.05715525522828102 154 145 142
-0.0016028336249291897 -0.050669632852077484 -0.001033150590956211 129 145 142
0.0004495070897974074 0.022959543392062187 -0.0846545472741127 132 142 162
-0.0264222901314497 -0.09793556481599808 0.09761185199022293 162 175 173
-0.02483384497463703 -0.08079328387975693 0.5567476749420166 154 144 155
0.11119799315929413 0.14851994812488556 0.029544783756136894 173 177 183
0.131347194314003 0.28990522027015686 -0.1283167451620102 134 146 170
-0.03372048959136009 0.12262815982103348 -0.0567922443151474 181 176 186
0.13041028380393982 -0.18043147027492523 0.025917600840330124 138 185 157
-0.024208780378103256 0.02420267090201378 0.024075742810964584 164 158 139
0.08382466435432434 0.010236387141048908 -0.25595030188560486 136 135 136
0.05608143284916878 -0.02201908454298973 -0.0016279726987704635 139 136 171
0.006557493470609188 -0.12718036770820618 0.0023299774620682 142 173 156
-0.11562083661556244 0.01986081525683403 -0.11608488112688065 134 166 129
0.012483788654208183 -0.014489024877548218 -0.009324493817985058 170 133 154
-0.020834818482398987 -0.038408294320106506 0.03056184947490692 156 157 148
-0.08378273993730545 0.0035202710423618555 0.12754669785499573 132 143 145
-0.09937257319688797 -0.07480737566947937 0.08141280710697174 172 168 170
-0.0021239398047327995 0.17143239080905914 -0.021737435832619667 161 138 155
-0.017828183248639107 -0.015359352342784405 0.11942143738269806 157 133 185
0.03508530557155609 0.10228768736124039 -0.31964388489723206 145 169 161
0.09893282502889633 0.0020590503700077534 -0.023445840924978256 157 154 133
0.06964308768510818 0.0774092748761177 -0.07963494211435318 171 132 136
-0.08475074172019958 0.06640617549419403 0.10975321382284164 166 136 168
0.022914933040738106 -0.005909970495849848 -0.028148377314209938 182 146 154
0.08176480233669281 0.10708615928888321 0.04530639201402664 133 169 154
-0.10295530408620834 -0.24672143161296844 -0.15248070657253265 164 146 176
-0.03614020347595215 -0.13418079912662506 -0.0006677635828964412 172 176 153
0.18514764308929443 -0.18420454859733582 -0.07232115417718887 135 154 141
0.008634130470454693 0.1802055984735489 -0.1314026266336441 170 163 143
0.08713795989751816 -0.02762463502585888 0.0749376192688942 165 139 149
-0.1007947325706482 -0.17442207038402557 0.0756097212433815 167 138 156
-0.04924030229449272 0.07101262360811234 0.08076879382133484 163 159 138
0.084285669028759 -0.0881417766213417 -0.00066640559816733 135 131 157
-0.3172472417354584 -0.011422512121498585 -0.01477772556245327 175 168 149
0.029337691143155098 0.09185504913330078 0.0025323021691292524 173 134 163
0.0286017507314682 -0.1683661937713623 -0.10095524042844772 132 142 168
-0.11929928511381149 0.04769048094749451 -0.01913974992930889 176 149 131
0.19785088300704956 -0.023866266012191772 -0.0071982466615736485 146 168 149
-0.062425024807453156 -0.0017427153652533889 -0.10532908141613007 153 166 173
-0.04836161062121391 0.0005446225986815989 0.3222404420375824 153 176 163
0.04024024307727814 0.008146950043737888 -0.013794433325529099 176 130 172
-0.12190321832895279 -0.21799540519714355 0.3311198055744171 157 132 173
0.22745338082313538 0.2785709798336029 0.03270928934216499 165 172 142
0.055973488837480545 0.04257524386048317 0.001860506017692387 137 162 185
0.01184845995157957 -0.07078976929187775 -0.03528660908341408 158 128 182
0.154567688703537 -0.2697889506816864 0.13188020884990692 160 148 133
-0.1200711652636528 0.011904357001185417 -0.14018502831459045 138 131 132
0.18718832731246948 -0.017264438793063164 -0.06875929981470108 168 130 154
0.006041070446372032 -0.009439520537853241 0.013657604344189167 149 183 159
-0.07525896281003952 -0.15977735817432404 -0.012819952331483364 130 178 163
0.1801140159368515 0.06676885485649109 -0.07120637595653534 158 180 128
0.0064679477363824844 0.09526889026165009 0.24356400966644287 167 160 137
0.042293913662433624 -0.08064209669828415 -0.1195317730307579 178 150 182
-0.10253969579935074 0.00618338119238615 0.014713418669998646 150 174 154
-0.0022735155653208494 -0.012290917336940765 0.13963648676872253 184 141 166
-0.06456262618303299 0.06433897465467453 0.16035127639770508 174 154 133
-0.009319670498371124 0.26495110988616943 0.006715752184391022 181 135 146
0.1583343893289566 -0.06244589015841484 0.004036042373627424 149 186 184
-0.09582878649234772 -0.0009511653915978968 -0.016961336135864258 160 146 177
0.039538126438856125 0.032874345779418945 0.04008477181196213 180 165 149
0.06100328639149666 0.07965899258852005 -0.011576203629374504 160 140 163
-0.07605305314064026 0.011605320498347282 0.1575573831796646 175 162 133
0.0021060146391391754 -0.176267609000206 0.005085985641926527 150 152 178
0.07973666489124298 -0.09210080653429031 0.018229348585009575 133 170 135
-0.07012970745563507 0.11520243436098099 0.12070655822753906 139 178 185
-0.04035838693380356 0.17184506356716156 0.031186053529381752 129 168 165
-0.07577133178710938 0.0232523363083601 0.0012038560817018151 147 178 138
0.26737022399902344 0.12236247956752777 -0.01783634163439274 148 179 155
0.0008169984794221818 0.024788301438093185 0.0497896634042263 151 157 148
-0.18473389744758606 -0.07174693793058395 -0.009794955141842365 130 130 175
-0.08806952834129333 -0.014322427101433277 -0.1318877786397934 168 147 183
0.12659364938735962 0.006102035753428936 0.0014981086133047938 154 178 135
-0.24948760867118835 -0.12470296025276184 -0.07193145900964737 150 150 171
0.0013248889008536935 -0.013369925320148468 0.002890873933210969 140 147 144
0.02049330808222294 -0.2346295863389969 -0.04375004023313522 138 130 184
0.01941782608628273 0.05485958233475685 -0.07939720898866653 186 184 157
-0.21665453910827637 -0.07197508215904236 0.003470779163762927 173 129 180
-0.0009387995814904571 0.10217300802469254 -0.4620499014854431 176 148 148
-0.00024839810794219375 0.02443806268274784 0.04084084928035736 162 127 173
-0.0004345412889961153 0.04628298431634903 -0.17634283006191254 133 159 133
-0.04952363669872284 0.08135104924440384 0.037270743399858475 158 140 133
-0.08680914342403412 0.07975032180547714 -0.17176569998264313 159 166 153
-0.03482196480035782 0.008554739877581596 0.01114143617451191 159 174 158
-0.007162583060562611 0.05713977664709091 -0.46386250853538513 172 173 167
0.13892583549022675 -0.03202991932630539 0.3880801498889923 169 175 176
0.019685043022036552 -0.08361989259719849 -0.035244908183813095 177 163 131
-0.032128170132637024 0.0016545415855944157 -0.05277784541249275 149 175 170
-0.007903721183538437 -0.034166477620601654 -0.009394512511789799 150 129 135
-0.016669314354658127 0.04223871976137161 -0.0776134505867958 152 154 171
-0.11731380224227905 0.11150245368480682 -0.021145518869161606 131 183 136
0.03849627450108528 0.055549148470163345 0.020891236141324043 154 153 167
-0.16269417107105255 0.0369713269174099 -0.018177660182118416 148 178 137
0.057077206671237946 -0.26867833733558655 -0.03281461447477341 145 152 136
0.003921364899724722 -0.06626273691654205 0.038432776927948 169 136 155
0.0394366979598999 -0.014167935587465763 -0.0031967039685696363 165 162 158
-0.07308249175548553 0.06010507047176361 0.04417649284005165 148 180 173
0.03884197771549225 -0.010975166223943233 0.002207636134698987 170 153 159
-0.25140976905822754 0.0719413086771965 -0.02660987339913845 173 144 165
0.024091193452477455 0.0017856955528259277 -0.04908514395356178 134 183 139
0.06545029580593109 -0.1702594757080078 0.03147014603018761 173 169 151
-0.13792403042316437 -0.12243276834487915 -0.20889267325401306 134 171 179
0.013034333474934101 0.036982461810112 -0.09746034443378448 164 183 185
-0.04307755082845688 -0.01619509607553482 -0.1040332093834877 181 132 141
-0.10655857622623444 -0.14058758318424225 0.05502120032906532 172 129 180
-0.05367780849337578 -0.021238308399915695 -0.1187950149178505 166 159 165
-0.09938966482877731 -0.3188614249229431 -0.09124734252691269 138 157 139
-0.05807208642363548 0.0807170569896698 -0.04819447919726372 134 132 151
0.0333813913166523 -0.13020560145378113 -0.0617825947701931 149 132 166
0.15650565922260284 -0.14103606343269348 -0.03350989520549774 153 127 165
-0.20909945666790009 -0.014486039988696575 -0.006494510918855667 178 165 157
-0.015603569336235523 -0.14320719242095947 0.0313839353621006 157 131 131
0.018559951335191727 0.0792459025979042 0.004955700598657131 170 178 131
0.16084080934524536 0.006406479049474001 -0.052200134843587875 138 136 136
-0.0496428944170475 -0.023634176701307297 -0.03471503406763077 137 146 185
-0.019274333491921425 -0.016567062586545944 0.09285103529691696 172 181 184
0.14805687963962555 0.09285859018564224 0.12356439977884293 168 131 167
0.0014949184842407703 -0.004245270509272814 -0.17597512900829315 168 138 178
-0.00345877418294549 -0.05694713070988655 -0.05283476039767265 182 151 139
0.0001752025418682024 -0.12687461078166962 -0.030638234689831734 143 157 158
-0.005637253634631634 0.0141707519069314 -0.006311016622930765 174 144 184
-0.019942929968237877 0.04077668860554695 -0.02644435316324234 178 174 161
0.031979069113731384 0.021344739943742752 -0.021262746304273605 166 152 134
-0.0036144813057035208 -0.08308319747447968 0.02481757290661335 169 150 171
-0.09195709973573685 0.20756497979164124 -0.01626543514430523 129 139 177
-0.09543953835964203 0.00923170242458582 0.051769647747278214 158 168 141
-0.04344037547707558 -0.25464358925819397 -0.07313316315412521 159 169 141
-0.032363682985305786 0.05020971968770027 0.10687281936407089 134 159 184
0.013426807709038258 0.04257120564579964 -0.017415091395378113 177 180 144
-0.07350341230630875 0.023081067949533463 0.027239613234996796 156 178 132
4.478068876778707e-05 0.18072012066841125 -0.007199876010417938 128 180 159
-0.011384072713553905 -0.13840317726135254 -0.004087736830115318 137 159 173
-0.008990025147795677 0.03113834373652935 -0.005038282833993435 172 170 181
-0.0036968581844121218 -0.009518838487565517 -0.05105459690093994 167 138 178
-0.011600788682699203 0.02897055633366108 0.1820015162229538 175 154 143
-0.0703277513384819 0.2095092386007309 0.10421749949455261 186 151 145
0.154191255569458 -0.05669788271188736 -0.08850082755088806 138 165 181
-0.015148921869695187 -0.19575786590576172 0.05072600021958351 183 162 169
0.16569416224956512 0.04262155294418335 0.015981024131178856 178 180 172
-0.06216442212462425 -0.16224734485149384 -0.03383485972881317 173 176 171
-0.00782399158924818 -0.06385434418916702 0.03456573933362961 132 144 178
-0.03764927759766579 -0.02893405221402645 -0.013161431066691875 168 166 142
-0.037775784730911255 0.003921042662113905 0.01150289736688137 155 128 169
-0.0065573821775615215 0.233095183968544 0.22116044163703918 143 152 174
0.02018211968243122 0.01524930540472269 -0.16163939237594604 174 179 132
0.0034284922294318676 0.0405314639210701 -0.010536077432334423 158 160 147
0.11941199749708176 -0.07945908606052399 -0.07947078347206116 134 183 150
-0.028648538514971733 -0.0020594890229403973 -0.09755288064479828 178 176 149
-0.04338162764906883 0.01743250899016857 -0.02265137992799282 132 141 182
0.03672255203127861 -0.03577161580324173 -0.04929855093359947 170 174 183
0.0004785223864018917 -0.0035933416802436113 0.0001432253047823906 143 139 149
-0.017916133627295494 0.08979590982198715 0.011957509443163872 128 139 149
0.01610022969543934 -0.013071366585791111 -0.03828136622905731 153 173 170
0.09156860411167145 -0.05004578456282616 0.04946965351700783 180 129 132
0.005898503586649895 -0.04047403112053871 0.04359684884548187 144 182 151
-0.03421993553638458 -0.059702351689338684 0.0791759267449379 164 176 181
-0.006320751737803221 0.24420738220214844 0.11294204741716385 133 166 153
0.20350654423236847 -0.006681063678115606 -0.011543848551809788 137 152 172
0.25061914324760437 0.00957767479121685 -0.010808596387505531 181 162 184
-0.002289214637130499 0.24053634703159332 -0.08916676044464111 149 185 136
0.01887468993663788 -0.10882559418678284 0.05167236551642418 170 184 169
0.0024874145165085793 -0.02326202020049095 0.04849225655198097 174 137 141
0.07930293679237366 0.0654553472995758 0.027449123561382294 131 133 182
0.04992154985666275 0.4163607060909271 0.015199614688754082 159 134 134
0.2127120941877365 -0.2582956552505493 0.0018032391089946032 129 174 138
-0.18174153566360474 -0.03908751532435417 -0.020903442054986954 159 148 161
-0.0032071941532194614 -0.19284287095069885 -0.09522497653961182 166 185 169
0.1604195535182953 0.0689239352941513 -0.04314471036195755 139 181 155
-0.17624720931053162 -0.01824386976659298 -0.1279371976852417 163 183 158
0.021516738459467888 -0.1880854219198227 -0.011243946850299835 144 151 154
-0.10092800110578537 0.00011364202509867027 -0.016487967222929 178 153 173
0.15797962248325348 0.12558242678642273 0.001923061441630125 149 142 168
-0.06684254854917526 0.011507613584399223 -0.0017100867116823792 156 142 131
-0.004038045182824135 0.2107362598180771 -0.08419986814260483 130 133 148
0.11033228039741516 -0.05106085538864136 -0.08768974244594574 146 131 182
0.011595666408538818 0.002629387192428112 0.031213536858558655 148 156 157
0.013913378119468689 0.003086443990468979 -0.08336196094751358 136 182 175
-0.06100783124566078 0.22770902514457703 -0.01969529688358307 170 160 145
-0.004261295776814222 -0.020578764379024506 0.13912911713123322 144 181 174
-0.058027464896440506 0.22491024434566498 -0.01926100254058838 162 143 152
-0.1528775990009308 0.004557872656732798 0.09854702651500702 132 137 169
-0.009232642129063606 0.1756448894739151 -0.10405591130256653 175 170 178
0.03715616837143898 0.05746960639953613 0.0066883619874715805 143 129 156
-0.06022888794541359 -0.003560146316885948 0.1620047688484192 131 176 149
-0.008895785547792912 -0.30483660101890564 0.017684509977698326 128 156 181
0.10955671966075897 0.03214879333972931 -0.014754407107830048 148 154 178
-0.03677357733249664 -0.004724347498267889 0.3304699957370758 173 162 163
-0.13697488605976105 -0.0046484991908073425 -0.014546615071594715 182 127 155
-0.09119394421577454 -0.0645899772644043 0.09470874816179276 143 182 173
0.025018634274601936 -0.20597833395004272 0.0821109488606453 178 128 185
0.12220220267772675 0.09746210277080536 0.009021109901368618 145 160 146
0.05356514826416969 -0.007419803645461798 0.08798827975988388 184 160 168
-0.10607361793518066 -0.016159813851118088 0.017617173492908478 181 168 146
0.20130552351474762 0.06256494671106339 0.1183905079960823 127 166 151
0.12196112424135208 -0.003891444532200694 0.06438188254833221 130 133 136
0.022127151489257812 -0.120429128408432 0.10597511380910873 146 134 169
0.07458727806806564 0.021528756245970726 -0.05607050284743309 172 185 176
0.0687941312789917 0.03633701801300049 0.07894624024629593 135 164 151
0.0035638310946524143 -0.0036401355173438787 0.02437625266611576 129 162 137
0.01986127533018589 -0.05082244053483009 0.20425771176815033 180 159 154
-0.01041386742144823 -0.028184371069073677 0.02285914495587349 131 146 141
0.08323685079813004 0.2188231199979782 -0.031502749770879745 180 137 132
-0.10957937687635422 0.034437939524650574 -0.03912639990448952 178 162 184
0.0639018788933754 0.0013036802411079407 -0.20056632161140442 151 178 135
-0.010829776525497437 -0.054915133863687515 -0.022645164281129837 137 162 153
-0.17894260585308075 -0.01971343532204628 0.04020758718252182 138 134 176
-0.21763876080513 -0.051871635019779205 0.01816631853580475 156 178 176
-0.01175678614526987 0.004540267866104841 -0.0018767036963254213 152 145 149
0.05966777727007866 -0.12958088517189026 -0.004485788755118847 154 153 177
-0.04531356692314148 0.11609986424446106 -0.053208399564027786 176 134 175
-0.157552570104599 -0.18287600576877594 -0.014831850305199623 183 162 169
0.05972665548324585 0.07410109788179398 0.0885675922036171 185 165 159
-0.05107475817203522 -0.35715731978416443 0.00014938470849301666 139 155 151
-0.21499428153038025 -0.09441538155078888 0.02428634837269783 156 165 131
0.17243905365467072 -0.03280580788850784 -0.02176757901906967 146 148 154
-0.22031420469284058 0.05576294660568237 -0.014832614921033382 161 164 162
-0.08843143284320831 0.09371048957109451 -0.0762830376625061 164 183 132
-0.0459841713309288 -0.03627113252878189 0.02957976423203945 161 151 171
-0.003134757047519088 -0.09547919780015945 0.04401503503322601 137 161 153
-0.13198453187942505 0.07722872495651245 0.3074180483818054 177 141 180
-0.033377040177583694 -0.1011580228805542 -0.07664704322814941 175 166 175
-0.1925738900899887 0.01888016238808632 0.013656017370522022 185 141 168
0.12982958555221558 -0.00015306146815419197 -0.014051142148673534 165 149 148
0.05852930247783661 0.20869873464107513 -0.11636217683553696 181 132 167
-0.05363457649946213 0.03686533868312836 0.006766302976757288 154 174 176
-0.01866166479885578 0.03413061425089836 -0.17393608391284943 159 166 179
0.04780684411525726 -0.16506686806678772 -0.02500101923942566 138 157 131
-0.029369033873081207 0.2504500150680542 0.007926787249743938 183 166 157
0.018945856019854546 0.0052506024949252605 -0.04846508800983429 133 177 176
-0.004471042659133673 0.013012265786528587 -0.21343345940113068 179 148 177
0.06839349865913391 0.11926662921905518 0.026503873988986015 148 177 156
0.031076351180672646 0.07881972193717957 0.09967537969350815 154 135 166
-0.02916191704571247 -0.3768583834171295 0.06975021213293076 137 177 144
-0.009332583285868168 -0.00379665894433856 -0.03546714782714844 144 180 154
0.0976065918803215 0.001440641237422824 0.06841984391212463 156 153 138
-0.03507382422685623 -0.13917386531829834 0.22053411602973938 150 147 136
0.3508780300617218 -0.007086450234055519 -0.11604192852973938 131 175 143
0.020334981381893158 0.2874899208545685 0.0101733123883605 143 154 147
-0.0002646397624630481 -0.062598817050457 -0.03019852750003338 159 161 162
0.09343115240335464 0.02886652573943138 -0.04403895139694214 132 152 167
0.024347200989723206 -0.07289817929267883 -0.12611891329288483 160 127 157
0.37614598870277405 -0.09401925653219223 0.047437071800231934 136 178 133
0.19736087322235107 0.24911104142665863 -0.029935002326965332 142 171 183
0.3889491856098175 -0.09958475828170776 0.012723801657557487 185 152 178
0.011515096761286259 5.410384255810641e-05 -0.08282864093780518 184 153 146
0.034057971090078354 -0.09381309896707535 0.04899812489748001 142 138 158
0.010441532358527184 -0.07711956650018692 -0.002535267034545541 182 131 146
-0.06513355672359467 -0.0033323881216347218 -0.01769004762172699 130 159 176
-0.004529599100351334 -0.006649884395301342 0.207483172416687 154 167 130
-0.008936178870499134 0.05121168866753578 -0.008054222911596298 180 161 145
-0.12245453894138336 -0.14498364925384521 0.08184235543012619 151 161 183
0.009345117956399918 0.03592044115066528 -0.007768810726702213 184 142 153
0.20166128873825073 0.04744420945644379 0.07954035699367523 150 144 181
0.06560643762350082 -0.14940214157104492 0.12782378494739532 169 174 130
0.23334836959838867 -0.010216625407338142 0.03604201227426529 174 183 155
0.02349899336695671 -0.03936179727315903 0.01598866656422615 134 180 184
-0.369872123003006 -0.00610294658690691 0.07288183271884918 163 155 169
-0.0009972930420190096 -0.041770320385694504 -0.16083721816539764 173 143 159
-0.036765772849321365 0.03465551510453224 0.03378539904952049 139 143 171
-0.13755428791046143 -0.024157779291272163 4.4082767999498174e-05 134 174 169
-0.012364559806883335 0.029676662757992744 -0.13323566317558289 180 131 178
0.00021357684454414994 0.056944265961647034 -0.0024447368923574686 139 183 183
-0.07056522369384766 -0.03326862305402756 -0.028400521725416183 184 158 150
-0.033806122839450836 -0.0084134666249156 -0.008563978597521782 136 161 159
0.03632710874080658 -0.012959952466189861 0.12433326989412308 136 152 146
-0.0988987535238266 0.09430553019046783 -0.07281134277582169 166 175 179
0.03188157454133034 0.021348411217331886 -0.0013025178341194987 127 131 140
-0.23466630280017853 0.00010770098015200347 0.0821208655834198 171 176 170
-0.27528876066207886 -0.13063745200634003 -0.03868935629725456 185 181 159
-0.03264719992876053 -0.019793463870882988 0.01520119421184063 171 154 153
0.18357697129249573 -0.00812855176627636 0.04224632680416107 141 151 129
0.09567169100046158 0.1733558177947998 -0.002023391891270876 142 143 134
-0.06687059998512268 -0.050910986959934235 -0.23177941143512726 182 150 179
-0.007093353196978569 -0.06650566309690475 -0.0048989541828632355 155 132 152
0.12045959383249283 -0.07075110077857971 0.020975537598133087 157 181 166
-0.10120010375976562 -0.020600471645593643 0.03404364734888077 178 168 140
0.03661137819290161 -0.04193776100873947 -0.13126718997955322 173 168 152
-0.2386273890733719 -0.005952002946287394 0.09961346536874771 163 165 185
0.002836670959368348 0.003563049016520381 0.025641299784183502 174 174 183
-0.08916398137807846 -0.1405109167098999 -0.06726257503032684 168 148 158
-0.01458414364606142 0.040807075798511505 0.03797922283411026 132 171 150
0.06379043310880661 -0.0689556896686554 -0.047781407833099365 130 178 159
0.024707378819584846 -0.07021469622850418 0.04480040818452835 148 168 137
-0.04534236714243889 -0.3349107801914215 0.11699649691581726 159 159 162
-0.026359429582953453 -0.04735809937119484 0.09532331675291061 163 170 177
-0.09279147535562515 0.081613689661026 0.0829160287976265 158 157 134
-0.2238895744085312 -0.008273560553789139 0.04445716738700867 185 172 172
0.03774931654334068 0.006236682645976543 0.08479230105876923 130 157 146
0.044182561337947845 -0.10894671827554703 -0.01709880493581295 134 147 135
0.0019548351410776377 1.9601107851485722e-05 0.00141066440846771 140 165 131
-0.017800070345401764 0.07164181768894196 0.0012003807350993156 184 181 142
0.018225831910967827 0.012649020180106163 0.03720655292272568 171 179 147
-0.07359699159860611 -0.08400725573301315 0.32152703404426575 182 136 184
-0.04287586733698845 -0.07183393090963364 -0.036892712116241455 181 153 152
0.02557291090488434 0.08333355188369751 0.12965615093708038 147 130 180
-0.01985757425427437 0.02066504769027233 0.014565140008926392 157 177 176
0.024189025163650513 0.28386837244033813 0.02280856855213642 165 176 131
-0.2599254846572876 0.00047610930050723255 0.2180136740207672 147 182 129
0.03626331314444542 -0.07848285883665085 -0.05583043769001961 146 157 185
-0.04568254575133324 -0.4356381595134735 0.10914981365203857 140 181 162
0.01086494978517294 -0.02005678601562977 0.002550547244027257 171 160 154
-0.05306950584053993 0.02760254219174385 -0.01444936916232109 170 154 185
-0.007408137433230877 0.06794942915439606 -0.06550375372171402 176 158 138
0.014088920317590237 -0.20704881846904755 -0.003915553446859121 140 156 176
-0.09449434280395508 0.07606186717748642 0.2110402137041092 180 128 131
0.010276686400175095 -0.043867919594049454 0.06856872141361237 175 144 141
-0.017272086814045906 -0.017103727906942368 0.0063912151381373405 170 148 162
0.1672513782978058 -0.05909215658903122 0.02990640141069889 163 168 181
0.023556875064969063 -0.0019763719756156206 -0.03954469412565231 141 184 176
0.085875503718853 -0.16644617915153503 -0.06412804871797562 177 146 168
0.000520955363754183 -0.02347225695848465 -0.0034132644068449736 149 138 166
-0.1643502116203308 -0.17384544014930725 -0.21400457620620728 129 162 129
0.25284430384635925 0.023061323910951614 -0.17282816767692566 154 158 130
-0.17250940203666687 -0.028375621885061264 0.10341696441173553 173 158 157
0.034212395548820496 0.08403032273054123 0.009574444964528084 164 179 141
-0.13102737069129944 -0.05362406745553017 -0.014041511341929436 145 181 144
-0.03139079362154007 -0.08588618785142899 -0.06536706537008286 135 142 170
0.009917329996824265 0.03043597750365734 0.14671574532985687 134 167 136
0.03774791955947876 0.12940052151679993 0.12569493055343628 137 130 170
-0.03996406868100166 0.002274793805554509 -0.10916434973478317 177 183 133
-0.009434930980205536 0.013538176193833351 0.04741956666111946 155 127 128
0.13185881078243256 0.06062719598412514 -0.0752231627702713 182 161 151
0.09795452654361725 0.07381892949342728 0.025192566215991974 141 152 184
-0.015065183863043785 -0.032972585409879684 -0.03626478463411331 152 185 147
-0.0692661926150322 -0.06317946314811707 0.0823240801692009 159 161 127
-0.0021362192928791046 0.06452338397502899 -0.012567381374537945 180 168 168
0.024036778137087822 0.0011357157491147518 -0.2653263807296753 150 161 154
0.1578180491924286 -0.039752233773469925 0.005556450225412846 152 141 152
0.04758523777127266 0.07607240974903107 0.021015184000134468 132 144 177
-0.02872331254184246 0.07144387811422348 0.022674888372421265 176 133 176
-0.02627982571721077 -0.04306060075759888 0.17088903486728668 167 153 166
-0.026346301659941673 -0.012076864950358868 -0.01941169798374176 166 172 168
0.05730247497558594 0.11159320920705795 -0.03563955798745155 141 164 154
-0.02600785158574581 0.07424164563417435 0.1025911346077919 163 180 127
-0.10112915188074112 -0.1187465637922287 -0.025002343580126762 142 164 183
-0.01876087859272957 -0.04950094223022461 0.2731875479221344 183 162 160
0.021509306505322456 0.13618367910385132 -0.06982490420341492 153 131 133
0.05634334683418274 0.08124356716871262 0.1282189041376114 163 162 128
-0.008730336092412472 0.06209574267268181 -0.014792012050747871 152 167 135
0.14734797179698944 -0.08664243668317795 -0.09801308810710907 160 150 176
0.05081058293581009 -0.06259864568710327 0.007811761926859617 139 176 161
0.045244716107845306 0.06529407203197479 -0.0624164417386055 170 136 158
0.16873204708099365 -0.1388368308544159 0.0005330328713171184 175 155 176
-0.11459951847791672 0.07088290899991989 0.010652725584805012 141 157 142
0.0038129696622490883 -0.07987459003925323 0.004553130827844143 182 183 138
0.05655398964881897 0.03116961568593979 -0.1443936824798584 129 152 186
0.008080561645328999 0.08510112017393112 0.014777001924812794 181 142 185
0.004152434412389994 0.07278400659561157 -0.02980067953467369 135 169 167
-0.002329273382201791 0.11356678605079651 0.01030574832111597 137 173 149
0.012351874262094498 0.04650890827178955 -0.3111039400100708 157 154 179
0.1138991191983223 -0.016509784385561943 -0.013007755391299725 179 152 136
0.01805339939892292 0.104605533182621 0.03626053407788277 171 169 182
0.049799464643001556 -0.007829457521438599 0.20502078533172607 159 147 166
0.011324918828904629 0.2772030234336853 0.002597441431134939 168 167 165
-0.1514028161764145 0.0661717876791954 -0.16710400581359863 165 133 153
-0.06704534590244293 0.08931990712881088 -0.0017417559865862131 139 158 132
-0.2076481133699417 -0.018338587135076523 -0.11355616897344589 137 146 134
0.0176363717764616 0.0020866869017481804 -0.01895528845489025 172 161 174
0.08005319535732269 0.037833474576473236 0.07580342143774033 150 141 162
-0.013042028062045574 0.0003281056706327945 -0.2065006047487259 175 150 157
-0.05108571797609329 0.03521600365638733 0.054315704852342606 145 154 169
-0.005568970926105976 0.028715698048472404 0.007976608350872993 139 144 139
-0.001091628335416317 -0.05754535645246506 -0.003812087932601571 156 156 184
0.05524842068552971 -0.15511739253997803 -0.2933836281299591 178 149 139
-0.16487576067447662 -0.04828362539410591 0.040585484355688095 160 132 158
-0.009557577781379223 -0.11919227987527847 -0.013995576649904251 162 149 166
-0.048328839242458344 -0.02944948524236679 -0.05816885456442833 167 152 129
0.0221263337880373 0.001006218371912837 0.07054449617862701 142 143 137
-0.006575033999979496 -0.06601167470216751 -0.06226721405982971 127 170 143
-0.04884933680295944 -0.009903345257043839 0.09932886809110641 177 142 184
-0.006325603928416967 -0.005403951741755009 0.007041925098747015 159 185 152
0.217908576130867 0.03170696273446083 0.189633309841156 149 142 154
-0.03189240023493767 0.022007500752806664 0.00563660217449069 163 162 142
0.12842556834220886 -0.011047177948057652 -0.07435524463653564 151 149 171
-0.01898999884724617 0.12185260653495789 0.1575973927974701 182 170 171
-0.027293521910905838 0.04724628105759621 0.03670546039938927 174 153 132
-0.1261848658323288 -0.24020567536354065 0.01518548559397459 130 168 158
-0.007894780486822128 0.03703804686665535 0.027882033959031105 171 165 134
0.1351076066493988 0.2872832715511322 -0.1579384207725525 151 148 181
-0.0019747638143599033 -0.011634237132966518 0.006905965972691774 158 172 179
-0.04374874755740166 0.13219311833381653 0.006825000513345003 131 141 183
0.001654770108871162 0.04600144550204277 0.05102210119366646 134 152 132
0.007543216459453106 -0.04706893488764763 -0.12627361714839935 130 180 132
-0.03298366442322731 0.1839905083179474 0.008775318041443825 173 174 133
-0.2436184138059616 0.06651241332292557 -0.030025925487279892 182 168 165
-0.059054840356111526 -0.035472482442855835 0.1019495502114296 173 138 144
0.16572965681552887 -0.06361401826143265 -0.04669841006398201 161 160 162
0.05202547460794449 0.004381109960377216 -0.14112751185894012 171 130 128
0.010748807340860367 -0.1423046886920929 -0.02467445842921734 161 158 177
0.03743020072579384 0.005733184982091188 0.13723339140415192 165 162 128
-0.09804456681013107 -0.22340936958789825 -0.03974766656756401 139 161 165
0.04000050947070122 0.02655673958361149 0.13997696340084076 147 153 132
0.11077819019556046 0.0735551193356514 0.0849669799208641 147 173 144
0.274923712015152 0.028689956292510033 0.007420665118843317 161 136 173
-0.09414996951818466 -0.016889307647943497 -0.002454371890053153 166 184 174
-0.08838192373514175 0.14551062881946564 -0.10541917383670807 140 172 156
-0.029213065281510353 -0.007857301272451878 -0.004800840280950069 176 141 130
-0.08696017414331436 0.09598357230424881 -0.061883874237537384 156 136 148
0.17090751230716705 -0.04349934309720993 -0.002103216014802456 133 176 133
0.002613842487335205 -0.016245150938630104 -0.012066193856298923 146 159 170
-0.04229191318154335 -0.07559178024530411 -0.19491077959537506 155 137 169
0.0044120666570961475 -0.1758269965648651 0.008123942650854588 165 186 175
-0.009412053972482681 -0.02126605622470379 0.18390418589115143 157 166 177
-0.0032498445361852646 0.29632288217544556 -0.0022276926320046186 129 129 167
0.0105825150385499 -0.04249143600463867 0.022908957675099373 166 183 166
0.07112274318933487 -0.2962307333946228 -0.21354089677333832 175 143 138
0.08810465782880783 -0.020376257598400116 0.0006349366158246994 138 129 164
-0.005182831548154354 -0.013038425706326962 -0.02962551638484001 155 172 134
-0.1338874101638794 0.1789816915988922 0.17315058410167694 164 134 178
0.0035249816719442606 -0.003275977447628975 -0.006740011740475893 169 178 159
-0.025692539289593697 0.003549963468685746 0.062190402299165726 167 171 168
-0.014885339885950089 0.07663755118846893 0.015470972284674644 181 156 136
-0.02326183021068573 0.016402550041675568 -0.03336910530924797 150 182 132
0.1203862875699997 0.039888374507427216 0.05743854120373726 134 155 155
0.0031177971977740526 -0.0003486498608253896 0.06290165334939957 148 155 147
0.009032588452100754 -0.18553532660007477 0.0191067885607481 163 147 179
0.017230413854122162 0.10991772264242172 -5.9752837842097506e-05 129 176 169
-0.17269760370254517 0.007652819622308016 0.05992645025253296 179 162 154
-0.008351443335413933 0.09555821865797043 -0.27809402346611023 146 140 155
-0.1642688363790512 0.017890064045786858 -0.044110819697380066 175 171 138
0.0007694265223108232 -0.08711077272891998 0.016254404559731483 167 133 169
0.036680880934000015 -0.13467268645763397 0.029916508123278618 154 162 151
-0.06583815813064575 0.06396161764860153 -0.14038486778736115 137 148 148
0.016440052539110184 -0.0060595059767365456 0.09341198951005936 143 181 176
0.033854395151138306 0.024061700329184532 -0.082888662815094 142 141 171
0.07998791337013245 0.008445660583674908 0.2715267837047577 174 165 179
-0.03764382377266884 0.026223115622997284 -0.10056193172931671 130 128 142
-0.021485934033989906 -0.019205624237656593 -0.06717318296432495 186 177 138
-0.06817110627889633 0.24350644648075104 -0.15474550426006317 148 177 164
0.11167830973863602 -0.13166023790836334 0.1322290152311325 158 162 172
-0.06467314064502716 0.04968990013003349 0.07550777494907379 164 168 161
-0.009985717013478279 -0.02867964282631874 0.10458824038505554 174 180 147
-0.0783812552690506 -0.3479875326156616 0.19272054731845856 176 158 127
0.21485635638237 0.09132976830005646 0.03620306774973869 181 157 169
0.15445534884929657 0.007994726300239563 -0.06654690206050873 155 133 142
-0.10187975317239761 0.0441603809595108 -0.0013834842247888446 134 153 184
-0.2670917510986328 0.01949397474527359 -0.035970017313957214 177 145 128
-0.14777787029743195 -0.01902429386973381 0.06848760694265366 135 134 149
0.010007748380303383 -0.15370845794677734 0.012432700954377651 171 169 161
-0.04806014522910118 0.06432314962148666 -0.014113564975559711 154 160 136
0.01923387497663498 -0.19888272881507874 -0.007360872346907854 182 177 168
0.0791364461183548 0.2614227831363678 -0.008435078896582127 170 153 131
0.004396260716021061 0.1859295815229416 0.1346217393875122 156 128 150
-0.10336539149284363 -0.0014093539211899042 0.003286448772996664 166 160 140
0.002599225379526615 0.0034860933665186167 -0.02397690713405609 166 159 170
0.05444733053445816 0.0454142764210701 0.06396351754665375 142 171 128
-0.03999192267656326 0.09691715985536575 -0.008817212656140327 133 150 166
-0.09607721865177155 -0.11811092495918274 -0.18316423892974854 169 134 135
-0.10159935802221298 -0.13436900079250336 -0.1801021546125412 137 148 129
0.022501446306705475 0.03450942784547806 0.061359867453575134 169 165 164
-0.05105195194482803 0.003884135512635112 -0.03643123805522919 158 151 167
-0.06439357250928879 -0.001252687070518732 0.047449707984924316 153 170 150
0.0022636917419731617 -0.0708826556801796 0.14924798905849457 180 166 159
0.015598799102008343 -0.3303009867668152 -0.009366637095808983 137 169 144
0.059311144053936005 0.006429613567888737 0.15610751509666443 131 163 168
0.07565359771251678 -0.10012039542198181 0.09696993231773376 164 184 169
-0.1486406922340393 0.0006079738959670067 0.09541112184524536 144 176 167
-0.04825505614280701 0.06752274185419083 -0.049998633563518524 153 128 186
0.042077016085386276 -0.07229588180780411 -0.049242302775382996 163 145 169
0.05208909884095192 -0.014756342396140099 -0.30181097984313965 180 153 148
-0.04511383920907974 -0.002041309140622616 -0.0435640886425972 176 177 128
-0.01887749694287777 0.0405784472823143 0.08653660863637924 159 151 163
0.03759727254509926 0.23446230590343475 0.039857786148786545 171 133 153
0.009403027594089508 0.0013261218555271626 0.07570752501487732 146 152 146
0.012735393829643726 0.009248452261090279 0.1717742681503296 170 171 129
0.0684562548995018 -0.1642967164516449 -0.04084637388586998 184 165 173
0.007235934492200613 0.0861256942152977 -0.2127288430929184 152 127 134
0.027841776609420776 -0.06977512687444687 -0.010311676189303398 149 170 161
0.11650973558425903 -0.34194931387901306 0.03133732080459595 153 171 162
-0.0029606467578560114 -0.05168572813272476 -0.01648121140897274 155 156 157
0.05080190673470497 0.21148040890693665 0.04918760806322098 166 139 149
0.039137884974479675 0.003962435759603977 0.13488659262657166 183 179 132
0.02848151884973049 -0.01292817760258913 0.355951726436615 152 149 152
-0.013104124926030636 9.728952136356384e-05 0.1042594388127327 154 172 151
0.08349170535802841 -0.025719359517097473 -0.06145329400897026 185 159 160
0.035994160920381546 0.12714438140392303 -0.18811720609664917 162 168 163
0.010013685561716557 0.17936936020851135 0.03961930796504021 134 155 137
-0.0021667606197297573 0.07168897241353989 -0.1415502429008484 128 170 174
-0.0765686109662056 -0.00601480295881629 -0.015570488758385181 156 159 160
-0.1489279717206955 0.06502116471529007 0.006483669392764568 151 157 150
-0.022687599062919617 -0.02005327306687832 -0.18683868646621704 151 163 180
-0.19129645824432373 0.03827930614352226 0.0974455177783966 184 170 134
0.04777109622955322 0.1075129583477974 -0.03390483930706978 151 129 154
0.22984692454338074 -0.029759837314486504 0.005044730380177498 182 147 177
-0.05715607851743698 0.00691771088168025 0.0032442444935441017 151 148 142
0.03298303112387657 0.031247831881046295 0.07983720302581787 175 159 133
-0.005350876599550247 -0.0038535911589860916 0.04238307476043701 139 141 139
0.10842315107584 -0.07415062189102173 0.029005706310272217 138 167 184
0.0026550861075520515 0.03939554840326309 -0.056717414408922195 186 178 172
0.0070052058435976505 0.017575742676854134 0.04511851817369461 183 131 129
-0.16007590293884277 -0.20390430092811584 0.1877746433019638 177 146 183
0.24160373210906982 0.0029187886975705624 -0.018398089334368706 178 136 133
-0.07176578789949417 0.01024758443236351 0.028956227004528046 174 139 175
-0.06181591749191284 0.03274059668183327 0.03413153439760208 130 151 142
0.07079148292541504 -0.00970157515257597 -0.04200383648276329 174 156 155
0.0005908568273298442 -0.02682645618915558 0.03854580596089363 128 148 181
0.01481548324227333 -0.009637982584536076 0.17673484981060028 155 150 176
0.20003846287727356 0.02697308547794819 -0.22500573098659515 184 152 174
0.1283748894929886 -0.11982990056276321 0.06187872961163521 175 136 150
0.033584319055080414 -0.06579619646072388 0.04785909876227379 152 131 174
-0.012288488447666168 0.09145615249872208 -0.002740213880315423 180 185 155
0.22163037955760956 0.10324715077877045 -0.004513980355113745 168 151 165
0.039744775742292404 -2.2336234906106256e-05 -0.045134156942367554 150 171 132
0.07436781376600266 0.34103694558143616 0.01649751141667366 138 137 169
0.0378103069961071 0.026164880022406578 0.010426062159240246 148 183 148
0.02109338715672493 0.0783379077911377 0.02364518865942955 143 170 176
-0.19409450888633728 0.041031740605831146 -0.00376461585983634 150 157 170
-0.21480652689933777 -0.016744183376431465 0.14370954036712646 181 162 155
-0.1952890306711197 0.002810993231832981 0.1432904750108719 153 175 164
-0.035539139062166214 0.09486014395952225 -0.19414925575256348 147 144 127
-0.18748722970485687 0.13879534602165222 0.009451502002775669 163 138 171
0.3634670078754425 -0.12030328065156937 0.04197833687067032 172 143 177
0.18821722269058228 -0.19381065666675568 0.13361158967018127 128 182 184
-0.037608709186315536 0.035880234092473984 -0.12480903416872025 129 153 174
-0.01611805148422718 -0.0015249754069373012 -0.01567828096449375 154 172 172
-0.015598101541399956 -0.056264620274305344 -0.0009637321927584708 182 176 144
0.029360098764300346 -0.05368359386920929 0.0010065801907330751 130 163 139
-0.08501092344522476 0.05623604357242584 -0.25675636529922485 168 152 171
-0.00745397387072444 -0.014395556412637234 -0.12181875854730606 182 155 138
0.0026340719778090715 -0.18434922397136688 -0.0912027657032013 177 147 132
0.16389082372188568 -0.113312728703022 -0.023856768384575844 184 163 130
0.14840437471866608 0.019083211198449135 -0.25692805647850037 133 158 151
0.022853577509522438 -0.12542757391929626 0.1470976620912552 153 185 150
0.08306854963302612 -0.049926698207855225 0.17391595244407654 156 179 131
-0.03146111220121384 0.06414234638214111 -0.1509571522474289 176 179 130
0.030071672052145004 -0.029081420972943306 0.18383005261421204 158 179 139
0.24495501816272736 0.0021464363671839237 0.047214217483997345 160 168 178
-0.0665721595287323 -0.02420315332710743 -0.31541872024536133 134 133 159
0.20937691628932953 -0.056585341691970825 -0.05430057644844055 180 136 143
0.15769915282726288 -0.18018190562725067 -0.009303027763962746 164 176 136
-0.012112953700125217 -0.03430752456188202 -0.012342614121735096 167 157 129
-0.12996596097946167 -0.15928637981414795 0.02548728883266449 160 167 173
-0.05470941960811615 -0.06602952629327774 0.009176954627037048 186 133 178
0.004758037626743317 0.01433451846241951 0.06681613624095917 133 176 128
0.029820553958415985 -0.08627033233642578 -0.024899758398532867 135 154 146
-0.014144673012197018 0.13459409773349762 0.041896622627973557 165 179 186
-0.035457152873277664 -0.10688702017068863 -0.001251996261999011 138 181 176
0.05194577947258949 -0.09270934760570526 -0.03585720807313919 149 185 151
0.056915488094091415 0.06774682551622391 0.014997931197285652 156 143 158
0.02678104303777218 -0.008042055182158947 0.06541774421930313 179 134 179
-0.2463711053133011 0.12254894524812698 0.12290236353874207 179 155 144
-0.025875352323055267 -0.0024336352944374084 0.05513361841440201 128 138 127
0.013587897643446922 -0.034243788570165634 0.08905427157878876 167 136 135
0.14337313175201416 0.09284885227680206 0.07788092643022537 158 159 143
-0.3061008155345917 -0.003325299359858036 -0.002785399090498686 128 163 129
-0.024431532248854637 -0.015167147852480412 0.09923788905143738 169 151 152
-0.029731081798672676 0.024563642218708992 0.11889265477657318 164 133 139
0.05794161185622215 -0.30543315410614014 -0.006980587728321552 177 138 148
-0.0172738004475832 -0.025185691192746162 -0.15196873247623444 161 137 179
-0.016078894957900047 -0.0032133779022842646 0.035984672605991364 145 152 165
0.007978829555213451 -0.010649904608726501 0.014568610116839409 146 168 147
-0.022983519360423088 0.23696890473365784 -0.08376156538724899 152 178 152
-0.1402333378791809 -0.10876891762018204 0.015972597524523735 173 152 172
-0.08854169398546219 0.019946176558732986 0.2909909784793854 140 180 159
-0.026630129665136337 0.12876933813095093 0.0605551041662693 163 175 176
-0.16230648756027222 -0.0672510489821434 -0.32545793056488037 152 172 151
0.0397319458425045 -0.12334642559289932 0.014270654879510403 149 142 155
-0.10557646304368973 -0.3821137547492981 0.12058235704898834 182 184 156
0.29382815957069397 -0.1979166716337204 0.10158369690179825 146 179 160
0.029611973091959953 -0.07899747788906097 0.015187185257673264 159 179 136
-0.22113874554634094 -0.005614378489553928 -0.11627054959535599 173 148 131
0.000548170180991292 0.03590542450547218 -0.08988527208566666 183 156 172
-0.11791697144508362 0.0031330822966992855 0.0695687085390091 142 159 174
0.017740309238433838 0.006048867013305426 0.07930394262075424 181 132 144
0.07251203060150146 0.013420183211565018 0.06546451151371002 132 133 131
0.01080305315554142 -0.0017821150831878185 -0.18892613053321838 168 167 127
-0.004094877280294895 0.09176959842443466 0.06429369747638702 164 178 169
0.13250984251499176 0.016011103987693787 -0.0009336603106930852 167 155 130
-0.006468368694186211 0.19405034184455872 0.11328098922967911 147 161 158
-0.015328225679695606 0.2243506759405136 0.050345029681921005 178 132 165
-0.1385723352432251 0.15626293420791626 -0.005536659155040979 185 131 185
0.04776136949658394 0.010920307599008083 -0.006125945597887039 156 151 160
-0.06262080371379852 0.1096898689866066 -0.016422251239418983 154 170 185
0.03936600312590599 -0.006936073303222656 -0.0184402484446764 128 131 185
0.027950376272201538 0.046042684465646744 -0.2267356812953949 177 151 163
0.11416368931531906 0.3883586525917053 -0.10196331143379211 179 135 136
0.059828124940395355 -0.004205279052257538 0.12954889237880707 152 132 140
0.000478150206618011 -0.0720464214682579 0.003479026723653078 178 173 156
-0.02193758822977543 0.010808965191245079 0.04422140121459961 148 143 183
0.0365813747048378 0.1490916758775711 0.04742541164159775 137 130 160
-0.1407189667224884 -0.0238199420273304 0.1136259138584137 167 157 160
-0.09518088400363922 -0.030544886365532875 -0.09612184762954712 184 159 132
-0.011187677271664143 0.03578227385878563 0.05036832019686699 179 149 138
-0.06391207128763199 0.16209764778614044 0.19969555735588074 157 165 144
0.050194066017866135 0.054907556623220444 0.15090881288051605 140 183 133
0.01677381806075573 -0.06741191446781158 -0.001834181952290237 138 129 183
-0.02936684899032116 0.010611121542751789 -0.06930766999721527 166 132 164
0.00016660214168950915 0.015170899219810963 0.02208717353641987 135 148 156
0.004652443807572126 0.04329340159893036 0.07477007806301117 155 160 185
0.2180592268705368 0.013893203809857368 0.028985613957047462 182 132 138
-0.10483553260564804 -0.13020199537277222 0.058974284678697586 162 182 177
0.009831561706960201 0.11405842751264572 0.2645171880722046 157 162 130
-0.004431877750903368 0.03394016996026039 0.06254513561725616 159 130 184
-0.10616792738437653 -0.16877421736717224 -0.08332096040248871 169 155 153
-0.021122019737958908 -0.004728437401354313 0.24630479514598846 177 140 146
0.06044456735253334 -0.09591677784919739 -0.041052550077438354 186 132 172
0.00443440955132246 -0.14913246035575867 -0.05301820859313011 170 143 153
-0.11039697378873825 0.009107382036745548 0.1820233166217804 153 165 153
-0.18516868352890015 -0.02098705805838108 0.046366989612579346 160 173 175
0.032195352017879486 -0.06878580152988434 0.002451831940561533 183 155 144
0.14606446027755737 0.05855078250169754 -0.03961195424199104 178 163 181
-0.001585352816618979 -0.12321899086236954 -0.10433059930801392 186 138 147
-0.0454469732940197 0.03475649654865265 -0.08184627443552017 140 181 153
0.04226098209619522 0.12807334959506989 -0.007822418585419655 159 176 147
0.00599130243062973 0.21720698475837708 -0.015406709164381027 169 156 185
-0.005873112007975578 0.14251653850078583 -0.025172915309667587 141 162 138
0.037175778299570084 0.049733445048332214 -0.07585172355175018 163 145 177
0.020961955189704895 0.042033080011606216 -0.02110995166003704 173 162 184
-0.054713163524866104 0.011737911961972713 0.020640743896365166 141 166 172
-0.07883284986019135 -0.11909256875514984 -0.0020941277034580708 172 144 133
-0.20457448065280914 -0.16987644135951996 0.0741032063961029 168 141 173
0.0016120367217808962 0.09469541162252426 0.19560874998569489 170 178 162
-0.05987643077969551 0.051191721111536026 0.07359304279088974 170 163 147
0.060432013124227524 -0.028334174305200577 0.09155865758657455 178 181 152
-0.009378948248922825 0.008177693001925945 -0.005322081036865711 129 169 147
-0.019553538411855698 -0.127300426363945 -0.13882313668727875 152 171 174
-0.03435131534934044 -0.0896584689617157 0.16628438234329224 174 151 131
0.022612499073147774 0.015627706423401833 -0.03994474187493324 135 171 132
-0.007221391890197992 0.13106590509414673 -0.00274658459238708 160 160 183
-0.07083598524332047 0.0823046937584877 -0.06682634353637695 168 175 154
0.06331006437540054 -0.1949370801448822 -0.0867139920592308 127 182 180
-0.18305440247058868 -0.04967932775616646 -0.07023271918296814 142 172 182
0.07393147796392441 0.07246985286474228 0.1385112702846527 155 153 171
0.25198808312416077 0.031366728246212006 0.05124001204967499 153 137 136
-0.03071720339357853 -0.0896093100309372 -0.04448692500591278 184 162 168
-0.18231448531150818 -0.038693588227033615 0.009057510644197464 153 176 137
0.00125068798661232 -0.052901916205883026 0.14138197898864746 130 176 176
0.06666301935911179 -0.22410307824611664 0.009883154183626175 154 172 138
0.028184235095977783 -0.05601847544312477 0.0921083390712738 153 161 138
-0.01684005744755268 0.005966040771454573 -0.0616704560816288 183 159 134
0.0005617346032522619 0.010112485848367214 -0.0947900041937828 153 136 156
0.013144910335540771 -0.038530539721250534 -0.044757578521966934 180 175 127
-0.040781792253255844 -0.015309624373912811 0.09183498471975327 184 176 155
-0.07959417998790741 -0.04082923382520676 -0.001822055084630847 159 131 136
-0.11282455176115036 -0.047976285219192505 0.007124041207134724 175 169 136
-0.2078898549079895 -0.043147072196006775 -0.010794553905725479 153 179 145
0.004675674717873335 0.005469726864248514 -0.0032974081113934517 165 166 135
-0.06957325339317322 0.008922675624489784 -0.15368622541427612 168 157 136
0.09598022699356079 -0.08508492261171341 -0.09822516143321991 185 144 150
-0.05364275723695755 -0.0061281160451471806 0.006587935611605644 179 179 185
0.1131264716386795 -0.11133915185928345 -0.15181338787078857 148 154 151
0.04673857241868973 -0.00506352074444294 0.02562772110104561 173 132 171
-0.027928821742534637 -0.033731166273355484 0.2685728371143341 175 133 167
-0.0015211302088573575 0.32495731115341187 -0.03148144483566284 137 178 150
-7.124295370886102e-05 0.0847218930721283 0.08739425241947174 135 127 132
0.08643747121095657 0.08029544353485107 0.22528734803199768 176 172 165
-0.09610641002655029 0.0801534354686737 -0.088894784450531 165 164 143
0.2667522430419922 -0.042503662407398224 -0.011253717355430126 162 168 161
-0.0143094751983881 -0.01077592559158802 -0.011215262115001678 173 149 166
0.008776649832725525 -0.031300462782382965 -0.37515705823898315 166 144 133
0.028722863644361496 -0.1461799591779709 -0.03205025568604469 153 157 184
-0.1605033576488495 0.11258050054311752 0.08139944821596146 127 168 148
-0.04779540374875069 -0.08293598145246506 -0.050904735922813416 183 179 165
0.005670439917594194 0.005799612030386925 -0.028332948684692383 132 177 184
0.022517723962664604 0.09217489510774612 -0.0023526791483163834 138 161 152
0.09068352729082108 -0.08745541423559189 -0.17315849661827087 161 170 134
0.019918709993362427 0.07288705557584763 0.004467755556106567 145 129 168
0.060347046703100204 0.04467848315834999 0.014625330455601215 138 186 171
-0.01481757964938879 -0.04139900207519531 0.006594309117645025 186 146 149
0.04657932370901108 -0.02053326740860939 0.03537946194410324 181 164 127
0.00047938423813320696 0.047079842537641525 0.1534818559885025 130 162 159
-0.008412525989115238 0.017373738810420036 -0.0014011099701747298 176 162 170
-0.20193631947040558 -0.0401231087744236 -0.22330352663993835 147 133 137
-0.0304473415017128 -0.043612346053123474 0.05334801971912384 163 137 170
0.25942274928092957 0.00013600551756098866 -0.11792929470539093 129 171 180
-0.012191202491521835 -0.009393608197569847 -0.060082826763391495 166 154 131
0.048192061483860016 -0.20361880958080292 -0.008911192417144775 150 148 162
-0.01081895548850298 -0.007459342014044523 -0.028099659830331802 165 177 148
0.011960991658270359 -0.12163638323545456 0.14467917382717133 181 148 155
-0.21691779792308807 -0.003084919648244977 -0.24859356880187988 175 182 134
0.23148885369300842 -0.1851292848587036 0.12797801196575165 176 169 146
0.010336654260754585 0.00045521417632699013 -0.07508929818868637 141 179 160
0.006813253276050091 -0.1520349383354187 -0.17523843050003052 162 173 175
-0.06418511271476746 -0.04216008260846138 0.032177601009607315 134 164 164
0.3025559186935425 0.036723293364048004 0.04109403118491173 167 137 179
0.009029606357216835 0.010395275428891182 -0.011171471327543259 171 175 161
-0.0012005219468846917 -0.27582424879074097 -0.09398510307073593 129 150 158
0.046561937779188156 0.0046366071328520775 0.008920006453990936 166 129 133
0.20408415794372559 0.030484719201922417 -0.01606779731810093 173 157 151
-0.0024973812978714705 -0.1196649819612503 -0.015869731083512306 180 134 164
0.030957793816924095 0.10153040289878845 0.1602209210395813 182 145 152
0.03697220981121063 -0.08628829568624496 -0.008849053643643856 134 161 167
-0.00246788770891726 0.03356126323342323 -0.048927098512649536 157 161 159
0.21213363111019135 -0.0648440271615982 0.17226219177246094 144 142 160
-0.005748971365392208 0.0036882779095321894 0.020370282232761383 158 146 149
0.1634051650762558 0.007330960128456354 0.0028144768439233303 179 138 132
0.027497708797454834 -0.03143055737018585 0.0077560353092849255 176 168 176
-0.01253263559192419 0.0038801070768386126 0.021109674125909805 154 185 155
-0.0745852068066597 0.02862413600087166 -0.04251346364617348 150 138 179
0.48643758893013 0.023189950734376907 0.11636373400688171 165 166 133
-0.09875315427780151 2.700869481486734e-05 0.003350587096065283 156 146 185
0.10201983898878098 0.023491227999329567 0.09488538652658463 131 152 138
-0.05952485650777817 -0.05589694529771805 -0.030073698610067368 134 183 127
-0.20090261101722717 -0.009309760294854641 0.043997872620821 178 156 141
0.02359800785779953 0.031015200540423393 -0.01221245527267456 156 133 143
-0.1317451000213623 -0.0018008562037721276 -0.1411726474761963 156 169 166
0.08136219531297684 0.01703387312591076 -0.013274074532091618 133 136 178
0.3552936017513275 0.03859403356909752 -0.10140042006969452 155 164 172
-0.08965131640434265 -0.22954174876213074 -0.06992028653621674 174 173 162
0.0824599638581276 0.1324065625667572 -0.14722056686878204 178 165 148
0.011805081740021706 0.06662172079086304 -0.050087571144104004 128 172 154
0.04428835213184357 0.0270432997494936 0.031183790415525436 181 146 142
0.06768221408128738 0.020759161561727524 0.015390392392873764 153 173 159
0.04315347969532013 -0.14129287004470825 0.010450408793985844 155 142 180
-0.2743123471736908 -0.034775737673044205 -0.06797625124454498 147 153 178
-0.0016999238869175315 -0.013865860179066658 -0.03677069768309593 128 133 181
0.03855365514755249 -0.16819612681865692 0.07855334132909775 131 169 155
-0.053807299584150314 0.103853240609169 -0.13676488399505615 161 172 180
-0.17425720393657684 -0.020631970837712288 0.12789958715438843 132 131 165
0.207890123128891 0.27287474274635315 -0.028908027336001396 172 131 137
-0.09884321689605713 0.03125892952084541 -0.014834017492830753 156 151 128
-0.014736583456397057 -0.175006702542305 0.045958276838064194 166 185 170
-0.3036591112613678 0.11023378372192383 0.036491766571998596 140 179 157
-0.0064618876203894615 -0.14217238128185272 -0.055776696652173996 165 131 183
-0.1507945954799652 -0.15444724261760712 0.05653984472155571 171 164 141
0.07365182787179947 -0.0017213609535247087 0.09014234691858292 156 144 149
0.052624110132455826 0.0021465886384248734 -0.12285640090703964 172 149 157
0.03145449236035347 0.17209498584270477 0.07373710721731186 162 160 128
-0.046259984374046326 -0.0034574151504784822 -0.004052687902003527 132 134 155
-0.2973462641239166 0.06334385275840759 0.029879018664360046 155 162 164
-0.042282089591026306 -0.01717681996524334 0.047054942697286606 138 140 164
0.07088705897331238 -0.022221414372324944 -0.20482391119003296 156 162 160
-0.026126639917492867 -0.007632107008248568 -0.0495804101228714 147 164 141
-0.020204760134220123 0.04449741169810295 0.12132051587104797 156 127 176
0.010724891908466816 -0.00796353816986084 0.15604829788208008 149 129 149
0.005997770465910435 0.3123113811016083 0.023421969264745712 185 139 157
-0.1500554382801056 0.019572729244828224 -0.006154598668217659 174 161 150
-0.21425041556358337 -0.08985140919685364 -0.033374983817338943 160 137 164
0.02713276818394661 -0.03472215682268143 -0.0001812230475479737 156 169 169
0.032602954655885696 -0.04187070578336716 0.13945424556732178 166 153 148
0.07262950390577316 0.026324033737182617 0.06289680302143097 171 185 173
-0.02417023293673992 0.014071793295443058 -0.016674429178237915 154 177 181
-0.06399993598461151 0.1400199681520462 0.06006890535354614 136 181 171
0.03815282881259918 0.043730027973651886 -0.0313076414167881 148 178 130
-0.016895558685064316 -0.129573792219162 0.15877024829387665 138 181 148
0.08887676149606705 0.004182521719485521 -0.01638311892747879 155 149 132
-0.03711211308836937 0.002939630998298526 0.11894556879997253 171 154 137
-0.062240976840257645 -0.11752266436815262 -0.14163880050182343 150 178 184
-0.09849095344543457 -0.0233477670699358 -0.05066722631454468 139 168 165
-0.005358690395951271 -0.05000310018658638 -0.015429866500198841 147 169 158
-0.05509016662836075 0.004402767866849899 -0.005839360412210226 149 169 182
0.14100894331932068 0.05900225788354874 0.016144897788763046 135 156 152
-0.1839747279882431 0.006498993374407291 0.08267979323863983 161 167 166
-0.05207904800772667 -0.0030759235378354788 0.035281602293252945 131 157 159
-0.0023900552187114954 -0.0013314741663634777 0.05077458173036575 163 179 164
-0.08795031160116196 -0.0020230866502970457 -0.03769385442137718 185 169 146
0.06424654275178909 0.17189955711364746 -0.06370221823453903 165 143 181
0.1706560105085373 -0.006977257318794727 0.0773492157459259 164 180 176
0.03754907846450806 -0.030221259221434593 -0.26936638355255127 130 147 161
-0.06600456684827805 -0.17833732068538666 0.033708084374666214 164 171 133
0.029460081830620766 -0.03232001140713692 0.01560264267027378 147 139 167
0.026202095672488213 0.040665753185749054 0.040248412638902664 157 184 163
0.01806057244539261 0.028929507359862328 -0.004954630509018898 177 182 167
0.02578519657254219 -0.02741129696369171 -0.01462650392204523 166 182 161
-0.004116050433367491 0.011699860915541649 0.2536579668521881 178 143 152
0.13387314975261688 0.01043175719678402 -0.07956460863351822 135 157 140
-0.06882469356060028 -0.026780087500810623 -0.06704666465520859 127 175 131
-0.025204535573720932 0.026973756030201912 -0.1567545384168625 184 181 171
-0.01853913441300392 -0.047744035720825195 0.005388925783336163 158 141 168
-0.12861034274101257 -0.07251118123531342 -0.007867183536291122 129 155 170
0.0007103781099431217 0.012652760371565819 -0.0036350907757878304 172 167 157
-0.01002917904406786 -0.01805359125137329 0.012251676991581917 178 155 142
-0.014073814265429974 -0.0917089506983757 -0.10097625851631165 177 177 179
0.10822690278291702 0.06609491258859634 -0.17772547900676727 128 181 164
0.10408265143632889 0.03762763738632202 -0.03970125690102577 134 132 135
-0.12234465777873993 -0.15642698109149933 0.044471096247434616 184 166 139
0.24778319895267487 0.025749925523996353 -0.06571599096059799 152 132 156
-0.0007612257613800466 -0.09243486076593399 0.01026977226138115 171 181 180
0.03880409523844719 -0.05624011904001236 -0.22991251945495605 130 127 138
0.16462375223636627 0.0064897737465798855 -0.07340755313634872 174 182 128
0.166591078042984 -0.028177013620734215 -0.09376738965511322 181 165 175
-0.005444888025522232 -0.17798107862472534 0.0006341515108942986 166 134 156
0.028745954856276512 -0.1129760816693306 -0.010599865578114986 178 145 162
0.004138411954045296 -0.17345701158046722 -0.03846291825175285 175 139 161
-0.07920945435762405 0.07454361021518707 0.13539917767047882 163 152 181
-0.0014988899929448962 -0.06924405694007874 -0.23756064474582672 134 149 168
0.0005969830090180039 -0.040644872933626175 0.06404701620340347 159 178 179
0.015386049635708332 0.04659140110015869 0.00940424483269453 162 153 167
0.024979367852211 0.04250377044081688 0.02326173149049282 153 163 183
